"COUNTRY","Country","PAYP","Pay period","TIME","Time","Unit Code","Unit","PowerCode Code","PowerCode","Reference Period Code","Reference Period","Value","Flag Codes","Flags"
"CAN","Canada","H","Hourly","2010","2010","CAD","Canadian Dollar","0","units",,,9.35,,
"CAN","Canada","H","Hourly","2011","2011","CAD","Canadian Dollar","0","units",,,9.65,,
"CAN","Canada","H","Hourly","2012","2012","CAD","Canadian Dollar","0","units",,,9.99,,
"CAN","Canada","H","Hourly","2013","2013","CAD","Canadian Dollar","0","units",,,10.14,,
"CAN","Canada","H","Hourly","2014","2014","CAD","Canadian Dollar","0","units",,,10.4,,
"PRT","Portugal","M","Monthly","2010","2010","EUR","Euro","0","units",,,475,,
"PRT","Portugal","M","Monthly","2011","2011","EUR","Euro","0","units",,,485,,
"PRT","Portugal","M","Monthly","2012","2012","EUR","Euro","0","units",,,485,,
"PRT","Portugal","M","Monthly","2013","2013","EUR","Euro","0","units",,,485,,
"PRT","Portugal","M","Monthly","2014","2014","EUR","Euro","0","units",,,490,,
"NLD","Netherlands","A","Annual","2010","2010","EUR","Euro","0","units",,,18297,,
"NLD","Netherlands","A","Annual","2011","2011","EUR","Euro","0","units",,,18533,,
"NLD","Netherlands","A","Annual","2012","2012","EUR","Euro","0","units",,,18814,,
"NLD","Netherlands","A","Annual","2013","2013","EUR","Euro","0","units",,,19044,,
"NLD","Netherlands","A","Annual","2014","2014","EUR","Euro","0","units",,,19319,,
"EST","Estonia","M","Monthly","2010","2010","EUR","Euro","0","units",,,278,,
"EST","Estonia","M","Monthly","2011","2011","EUR","Euro","0","units",,,278,,
"EST","Estonia","M","Monthly","2012","2012","EUR","Euro","0","units",,,290,,
"EST","Estonia","M","Monthly","2013","2013","EUR","Euro","0","units",,,320,,
"EST","Estonia","M","Monthly","2014","2014","EUR","Euro","0","units",,,355,,
"BRA","Brazil","M","Monthly","2010","2010","BRL","Brazilian Real","0","units",,,510,,
"BRA","Brazil","M","Monthly","2011","2011","BRL","Brazilian Real","0","units",,,544.17,,
"BRA","Brazil","M","Monthly","2012","2012","BRL","Brazilian Real","0","units",,,622,,
"BRA","Brazil","M","Monthly","2013","2013","BRL","Brazilian Real","0","units",,,678,,
"BRA","Brazil","M","Monthly","2014","2014","BRL","Brazilian Real","0","units",,,724,,
"KOR","Korea","H","Hourly","2010","2010","KRW","Won","0","units",,,4110,,
"KOR","Korea","H","Hourly","2011","2011","KRW","Won","0","units",,,4320,,
"KOR","Korea","H","Hourly","2012","2012","KRW","Won","0","units",,,4580,,
"KOR","Korea","H","Hourly","2013","2013","KRW","Won","0","units",,,4860,,
"KOR","Korea","H","Hourly","2014","2014","KRW","Won","0","units",,,5210,,
"TUR","Turkey","M","Monthly","2010","2010","TRY","Turkish Lira","0","units",,,744.75,,
"TUR","Turkey","M","Monthly","2011","2011","TRY","Turkish Lira","0","units",,,816.75,,
"TUR","Turkey","M","Monthly","2012","2012","TRY","Turkish Lira","0","units",,,913.5,,
"TUR","Turkey","M","Monthly","2013","2013","TRY","Turkish Lira","0","units",,,1000.05,,
"TUR","Turkey","M","Monthly","2014","2014","TRY","Turkish Lira","0","units",,,1002.5,,
"LVA","Latvia","A","Annual","2010","2010","LVL","Latvian Lats","0","units",,,2160,,
"LVA","Latvia","A","Annual","2011","2011","LVL","Latvian Lats","0","units",,,2400,,
"LVA","Latvia","A","Annual","2012","2012","LVL","Latvian Lats","0","units",,,2400,,
"LVA","Latvia","A","Annual","2013","2013","LVL","Latvian Lats","0","units",,,2400,,
"LVA","Latvia","A","Annual","2014","2014","LVL","Latvian Lats","0","units",,,2704,,
"AUS","Australia","W","Weekly","2010","2010","AUD","Australian Dollar","0","units",,,556.84,,
"AUS","Australia","W","Weekly","2011","2011","AUD","Australian Dollar","0","units",,,579.6,,
"AUS","Australia","W","Weekly","2012","2012","AUD","Australian Dollar","0","units",,,597.85,,
"AUS","Australia","W","Weekly","2013","2013","AUD","Australian Dollar","0","units",,,614.3,,
"AUS","Australia","W","Weekly","2014","2014","AUD","Australian Dollar","0","units",,,640.9,,
"HUN","Hungary","M","Monthly","2010","2010","HUF","Forint","0","units",,,73500,,
"HUN","Hungary","M","Monthly","2011","2011","HUF","Forint","0","units",,,78000,,
"HUN","Hungary","M","Monthly","2012","2012","HUF","Forint","0","units",,,93000,,
"HUN","Hungary","M","Monthly","2013","2013","HUF","Forint","0","units",,,98000,,
"HUN","Hungary","M","Monthly","2014","2014","HUF","Forint","0","units",,,101500,,
"ROU","Romania","M","Monthly","2010","2010","RON","Romanian Leu","0","units",,,600,,
"ROU","Romania","M","Monthly","2011","2011","RON","Romanian Leu","0","units",,,670,,
"ROU","Romania","M","Monthly","2012","2012","RON","Romanian Leu","0","units",,,700,,
"ROU","Romania","M","Monthly","2013","2013","RON","Romanian Leu","0","units",,,770.83,,
"ROU","Romania","M","Monthly","2014","2014","RON","Romanian Leu","0","units",,,875,,
"SVK","Slovak Republic","A","Annual","2010","2010","EUR","Euro","0","units",,,3692.4,,
"SVK","Slovak Republic","A","Annual","2011","2011","EUR","Euro","0","units",,,3804,,
"SVK","Slovak Republic","A","Annual","2012","2012","EUR","Euro","0","units",,,3926.4,,
"SVK","Slovak Republic","A","Annual","2013","2013","EUR","Euro","0","units",,,4052,,
"SVK","Slovak Republic","A","Annual","2014","2014","EUR","Euro","0","units",,,4560,,
"SVN","Slovenia","M","Monthly","2010","2010","EUR","Euro","0","units",,,711.36,,
"SVN","Slovenia","M","Monthly","2011","2011","EUR","Euro","0","units",,,745.78,,
"SVN","Slovenia","M","Monthly","2012","2012","EUR","Euro","0","units",,,763.03,,
"SVN","Slovenia","M","Monthly","2013","2013","EUR","Euro","0","units",,,783.66,,
"SVN","Slovenia","M","Monthly","2014","2014","EUR","Euro","0","units",,,788.69,,
"LUX","Luxembourg","A","Annual","2010","2010","EUR","Euro","0","units",,,20445.42,,
"LUX","Luxembourg","A","Annual","2011","2011","EUR","Euro","0","units",,,21222.51,,
"LUX","Luxembourg","A","Annual","2012","2012","EUR","Euro","0","units",,,21752.94,,
"LUX","Luxembourg","A","Annual","2013","2013","EUR","Euro","0","units",,,22381.7,,
"LUX","Luxembourg","A","Annual","2014","2014","EUR","Euro","0","units",,,23076,,
"NZL","New Zealand","W","Weekly","2010","2010","NZD","New Zealand Dollar","0","units",,,507.5,,
"NZL","New Zealand","W","Weekly","2011","2011","NZD","New Zealand Dollar","0","units",,,517.5,,
"NZL","New Zealand","W","Weekly","2012","2012","NZD","New Zealand Dollar","0","units",,,535,,
"NZL","New Zealand","W","Weekly","2013","2013","NZD","New Zealand Dollar","0","units",,,547.5,,
"NZL","New Zealand","W","Weekly","2014","2014","NZD","New Zealand Dollar","0","units",,,565,,
"HUN","Hungary","H","Hourly","2010","2010","HUF","Forint","0","units",,,424.7,,
"HUN","Hungary","H","Hourly","2011","2011","HUF","Forint","0","units",,,450.7,,
"HUN","Hungary","H","Hourly","2012","2012","HUF","Forint","0","units",,,537.3,,
"HUN","Hungary","H","Hourly","2013","2013","HUF","Forint","0","units",,,566.2,,
"HUN","Hungary","H","Hourly","2014","2014","HUF","Forint","0","units",,,586.4,,
"CHL","Chile","A","Annual","2010","2010","CLP","Chilean Peso","0","units",,,2022000,,
"CHL","Chile","A","Annual","2011","2011","CLP","Chilean Peso","0","units",,,2124000,,
"CHL","Chile","A","Annual","2012","2012","CLP","Chilean Peso","0","units",,,2250000,,
"CHL","Chile","A","Annual","2013","2013","CLP","Chilean Peso","0","units",,,2418000,,
"CHL","Chile","A","Annual","2014","2014","CLP","Chilean Peso","0","units",,,2595000,,
"KOR","Korea","M","Monthly","2010","2010","KRW","Won","0","units",,,928860,,
"KOR","Korea","M","Monthly","2011","2011","KRW","Won","0","units",,,976320,,
"KOR","Korea","M","Monthly","2012","2012","KRW","Won","0","units",,,957220,,
"KOR","Korea","M","Monthly","2013","2013","KRW","Won","0","units",,,1015740,,
"KOR","Korea","M","Monthly","2014","2014","KRW","Won","0","units",,,1088890,,
"BRA","Brazil","H","Hourly","2010","2010","BRL","Brazilian Real","0","units",,,2.32,,
"BRA","Brazil","H","Hourly","2011","2011","BRL","Brazilian Real","0","units",,,2.48,,
"BRA","Brazil","H","Hourly","2012","2012","BRL","Brazilian Real","0","units",,,2.83,,
"CZE","Czech Republic","A","Annual","2010","2010","CZK","Czech Koruna","0","units",,,96000,,
"CZE","Czech Republic","A","Annual","2011","2011","CZK","Czech Koruna","0","units",,,96000,,
"CZE","Czech Republic","A","Annual","2012","2012","CZK","Czech Koruna","0","units",,,96000,,
"CZE","Czech Republic","A","Annual","2013","2013","CZK","Czech Koruna","0","units",,,98500,,
"CZE","Czech Republic","A","Annual","2014","2014","CZK","Czech Koruna","0","units",,,102000,,
"USA","United States","A","Annual","2010","2010","USD","US Dollar","0","units",,,15080,,
"USA","United States","A","Annual","2011","2011","USD","US Dollar","0","units",,,15080,,
"USA","United States","A","Annual","2012","2012","USD","US Dollar","0","units",,,15080,,
"USA","United States","A","Annual","2013","2013","USD","US Dollar","0","units",,,15080,,
"USA","United States","A","Annual","2014","2014","USD","US Dollar","0","units",,,15080,,
"SVN","Slovenia","A","Annual","2010","2010","EUR","Euro","0","units",,,8536.36,,
"SVN","Slovenia","A","Annual","2011","2011","EUR","Euro","0","units",,,8949.3,,
"SVN","Slovenia","A","Annual","2012","2012","EUR","Euro","0","units",,,9156.36,,
"SVN","Slovenia","A","Annual","2013","2013","EUR","Euro","0","units",,,9404,,
"SVN","Slovenia","A","Annual","2014","2014","EUR","Euro","0","units",,,9464,,
"AUS","Australia","H","Hourly","2010","2010","AUD","Australian Dollar","0","units",,,14.66,,
"AUS","Australia","H","Hourly","2011","2011","AUD","Australian Dollar","0","units",,,15.26,,
"AUS","Australia","H","Hourly","2012","2012","AUD","Australian Dollar","0","units",,,15.74,,
"AUS","Australia","H","Hourly","2013","2013","AUD","Australian Dollar","0","units",,,16.17,,
"AUS","Australia","H","Hourly","2014","2014","AUD","Australian Dollar","0","units",,,16.62,,
"TUR","Turkey","D","Daily","2010","2010","TRY","Turkish Lira","0","units",,,24.825,,
"TUR","Turkey","D","Daily","2011","2011","TRY","Turkish Lira","0","units",,,27.225,,
"TUR","Turkey","D","Daily","2012","2012","TRY","Turkish Lira","0","units",,,30.45,,
"TUR","Turkey","D","Daily","2013","2013","TRY","Turkish Lira","0","units",,,33.335,,
"TUR","Turkey","D","Daily","2014","2014","TRY","Turkish Lira","0","units",,,36.75,,
"KOR","Korea","A","Annual","2010","2010","KRW","Won","0","units",,,11146320,,
"KOR","Korea","A","Annual","2011","2011","KRW","Won","0","units",,,11715840,,
"KOR","Korea","A","Annual","2012","2012","KRW","Won","0","units",,,11486640,,
"KOR","Korea","A","Annual","2013","2013","KRW","Won","0","units",,,12188880,,
"KOR","Korea","A","Annual","2014","2014","KRW","Won","0","units",,,13066680,,
"JPN","Japan","H","Hourly","2010","2010","JPY","Yen","0","units",,,713,,
"JPN","Japan","H","Hourly","2011","2011","JPY","Yen","0","units",,,730,,
"JPN","Japan","H","Hourly","2012","2012","JPY","Yen","0","units",,,737,,
"JPN","Japan","H","Hourly","2013","2013","JPY","Yen","0","units",,,749,,
"JPN","Japan","H","Hourly","2014","2014","JPY","Yen","0","units",,,764,,
"NLD","Netherlands","W","Weekly","2010","2010","EUR","Euro","0","units",,,325.8,,
"NLD","Netherlands","W","Weekly","2011","2011","EUR","Euro","0","units",,,330,,
"NLD","Netherlands","W","Weekly","2012","2012","EUR","Euro","0","units",,,335,,
"NLD","Netherlands","W","Weekly","2013","2013","EUR","Euro","0","units",,,339.1,,
"NLD","Netherlands","W","Weekly","2014","2014","EUR","Euro","0","units",,,344,,
"ESP","Spain","M","Monthly","2010","2010","EUR","Euro","0","units",,,633.3,,
"ESP","Spain","M","Monthly","2011","2011","EUR","Euro","0","units",,,641.5,,
"ESP","Spain","M","Monthly","2012","2012","EUR","Euro","0","units",,,641.5,,
"ESP","Spain","M","Monthly","2013","2013","EUR","Euro","0","units",,,645.3,,
"ESP","Spain","M","Monthly","2014","2014","EUR","Euro","0","units",,,645.3,,
"FRA","France","M","Monthly","2010","2010","EUR","Euro","0","units",,,1340.74,,
"FRA","France","M","Monthly","2011","2011","EUR","Euro","0","units",,,1367.4,,
"FRA","France","M","Monthly","2012","2012","EUR","Euro","0","units",,,1412.04,,
"FRA","France","M","Monthly","2013","2013","EUR","Euro","0","units",,,1430.2,,
"FRA","France","M","Monthly","2014","2014","EUR","Euro","0","units",,,1445,,
"IRL","Ireland","H","Hourly","2010","2010","EUR","Euro","0","units",,,8.65,,
"IRL","Ireland","H","Hourly","2011","2011","EUR","Euro","0","units",,,8.65,,
"IRL","Ireland","H","Hourly","2012","2012","EUR","Euro","0","units",,,8.65,,
"IRL","Ireland","H","Hourly","2013","2013","EUR","Euro","0","units",,,8.65,,
"IRL","Ireland","H","Hourly","2014","2014","EUR","Euro","0","units",,,8.65,,
"LTU","Lithuania","H","Hourly","2010","2010","LTL","Lithuanian Litas","0","units",,,4.85,,
"LTU","Lithuania","H","Hourly","2011","2011","LTL","Lithuanian Litas","0","units",,,4.85,,
"LTU","Lithuania","H","Hourly","2012","2012","LTL","Lithuanian Litas","0","units",,,4.98,,
"LTU","Lithuania","H","Hourly","2013","2013","LTL","Lithuanian Litas","0","units",,,5.15,,
"LTU","Lithuania","H","Hourly","2014","2014","LTL","Lithuanian Litas","0","units",,,5.43,,
"PRT","Portugal","A","Annual","2010","2010","EUR","Euro","0","units",,,6650,,
"PRT","Portugal","A","Annual","2011","2011","EUR","Euro","0","units",,,6790,,
"PRT","Portugal","A","Annual","2012","2012","EUR","Euro","0","units",,,6790,,
"PRT","Portugal","A","Annual","2013","2013","EUR","Euro","0","units",,,6790,,
"PRT","Portugal","A","Annual","2014","2014","EUR","Euro","0","units",,,6860,,
"FRA","France","H","Hourly","2010","2010","EUR","Euro","0","units",,,8.84,,
"FRA","France","H","Hourly","2011","2011","EUR","Euro","0","units",,,9.02,,
"FRA","France","H","Hourly","2012","2012","EUR","Euro","0","units",,,9.31,,
"FRA","France","H","Hourly","2013","2013","EUR","Euro","0","units",,,9.43,,
"FRA","France","H","Hourly","2014","2014","EUR","Euro","0","units",,,9.53,,
"BRA","Brazil","A","Annual","2010","2010","BRL","Brazilian Real","0","units",,,6120,,
"BRA","Brazil","A","Annual","2011","2011","BRL","Brazilian Real","0","units",,,6530,,
"BRA","Brazil","A","Annual","2012","2012","BRL","Brazilian Real","0","units",,,7464,,
"BRA","Brazil","A","Annual","2013","2013","BRL","Brazilian Real","0","units",,,8316,,
"BRA","Brazil","A","Annual","2014","2014","BRL","Brazilian Real","0","units",,,8688,,
"KOR","Korea","D","Daily","2010","2010","KRW","Won","0","units",,,32880,,
"KOR","Korea","D","Daily","2011","2011","KRW","Won","0","units",,,34560,,
"KOR","Korea","D","Daily","2012","2012","KRW","Won","0","units",,,36640,,
"KOR","Korea","D","Daily","2013","2013","KRW","Won","0","units",,,38880,,
"KOR","Korea","D","Daily","2014","2014","KRW","Won","0","units",,,41680,,
"TUR","Turkey","A","Annual","2010","2010","TRY","Turkish Lira","0","units",,,8937,,
"TUR","Turkey","A","Annual","2011","2011","TRY","Turkish Lira","0","units",,,9801,,
"TUR","Turkey","A","Annual","2012","2012","TRY","Turkish Lira","0","units",,,10962,,
"TUR","Turkey","A","Annual","2013","2013","TRY","Turkish Lira","0","units",,,12000.6,,
"TUR","Turkey","A","Annual","2014","2014","TRY","Turkish Lira","0","units",,,13230,,
"NZL","New Zealand","H","Hourly","2010","2010","NZD","New Zealand Dollar","0","units",,,12.69,,
"NZL","New Zealand","H","Hourly","2011","2011","NZD","New Zealand Dollar","0","units",,,12.94,,
"NZL","New Zealand","H","Hourly","2012","2012","NZD","New Zealand Dollar","0","units",,,13.38,,
"NZL","New Zealand","H","Hourly","2013","2013","NZD","New Zealand Dollar","0","units",,,13.69,,
"NZL","New Zealand","H","Hourly","2014","2014","NZD","New Zealand Dollar","0","units",,,14.06,,
"ROU","Romania","A","Annual","2010","2010","RON","Romanian Leu","0","units",,,7200,,
"ROU","Romania","A","Annual","2011","2011","RON","Romanian Leu","0","units",,,8040,,
"ROU","Romania","A","Annual","2012","2012","RON","Romanian Leu","0","units",,,8400,,
"ROU","Romania","A","Annual","2013","2013","RON","Romanian Leu","0","units",,,9250,,
"ROU","Romania","A","Annual","2014","2014","RON","Romanian Leu","0","units",,,10500,,
"LUX","Luxembourg","M","Monthly","2010","2010","EUR","Euro","0","units",,,1704,,
"LUX","Luxembourg","M","Monthly","2011","2011","EUR","Euro","0","units",,,1769,,
"LUX","Luxembourg","M","Monthly","2012","2012","EUR","Euro","0","units",,,1813,,
"LUX","Luxembourg","M","Monthly","2013","2013","EUR","Euro","0","units",,,1865,,
"LUX","Luxembourg","M","Monthly","2014","2014","EUR","Euro","0","units",,,1923,,
"SVK","Slovak Republic","H","Hourly","2010","2010","EUR","Euro","0","units",,,1.768,,
"SVK","Slovak Republic","H","Hourly","2011","2011","EUR","Euro","0","units",,,1.82,,
"SVK","Slovak Republic","H","Hourly","2012","2012","EUR","Euro","0","units",,,1.88,,
"SVK","Slovak Republic","H","Hourly","2013","2013","EUR","Euro","0","units",,,1.94,,
"SVK","Slovak Republic","H","Hourly","2014","2014","EUR","Euro","0","units",,,2.02,,
"ISR","Israel","H","Hourly","2010","2010","ILS","New Israeli Sheqel","0","units",,,20.7,,
"ISR","Israel","H","Hourly","2011","2011","ILS","New Israeli Sheqel","0","units",,,21.425,,
"ISR","Israel","H","Hourly","2012","2012","ILS","New Israeli Sheqel","0","units",,,22.31,,
"ISR","Israel","H","Hourly","2013","2013","ILS","New Israeli Sheqel","0","units",,,23.12,,
"ISR","Israel","H","Hourly","2014","2014","ILS","New Israeli Sheqel","0","units",,,23.12,,
"IRL","Ireland","A","Annual","2010","2010","EUR","Euro","0","units",,,17992,,
"IRL","Ireland","A","Annual","2011","2011","EUR","Euro","0","units",,,17992,,
"IRL","Ireland","A","Annual","2012","2012","EUR","Euro","0","units",,,17992,,
"IRL","Ireland","A","Annual","2013","2013","EUR","Euro","0","units",,,17992,,
"IRL","Ireland","A","Annual","2014","2014","EUR","Euro","0","units",,,17992,,
"BEL","Belgium","M","Monthly","2010","2010","EUR","Euro","0","units",,,1450.3,,
"BEL","Belgium","M","Monthly","2011","2011","EUR","Euro","0","units",,,1489.1,,
"BEL","Belgium","M","Monthly","2012","2012","EUR","Euro","0","units",,,1528.9,,
"BEL","Belgium","M","Monthly","2013","2013","EUR","Euro","0","units",,,1559.4,,
"BEL","Belgium","M","Monthly","2014","2014","EUR","Euro","0","units",,,1559.4,,
"CHL","Chile","M","Monthly","2010","2010","CLP","Chilean Peso","0","units",,,168500,,
"CHL","Chile","M","Monthly","2011","2011","CLP","Chilean Peso","0","units",,,177000,,
"CHL","Chile","M","Monthly","2012","2012","CLP","Chilean Peso","0","units",,,187500,,
"CHL","Chile","M","Monthly","2013","2013","CLP","Chilean Peso","0","units",,,201500,,
"CHL","Chile","M","Monthly","2014","2014","CLP","Chilean Peso","0","units",,,216250,,
"MLT","Malta","A","Annual","2010","2010","EUR","Euro","0","units",,,7919.08,,
"MLT","Malta","A","Annual","2011","2011","EUR","Euro","0","units",,,7979.4,,
"MLT","Malta","A","Annual","2012","2012","EUR","Euro","0","units",,,8221.72,,
"MLT","Malta","A","Annual","2013","2013","EUR","Euro","0","units",,,8433.88,,
"MLT","Malta","A","Annual","2014","2014","EUR","Euro","0","units",,,8615.36,,
"POL","Poland","M","Monthly","2010","2010","PLN","Zloty","0","units",,,1317,,
"POL","Poland","M","Monthly","2011","2011","PLN","Zloty","0","units",,,1386,,
"POL","Poland","M","Monthly","2012","2012","PLN","Zloty","0","units",,,1500,,
"POL","Poland","M","Monthly","2013","2013","PLN","Zloty","0","units",,,1600,,
"POL","Poland","M","Monthly","2014","2014","PLN","Zloty","0","units",,,1680,,
"MEX","Mexico","A","Annual","2010","2010","MXN","Mexican Peso","0","units",,,14500.2,,
"MEX","Mexico","A","Annual","2011","2011","MXN","Mexican Peso","0","units",,,15095.6,,
"MEX","Mexico","A","Annual","2012","2012","MXN","Mexican Peso","0","units",,,15740.8,,
"MEX","Mexico","A","Annual","2013","2013","MXN","Mexican Peso","0","units",,,16411.2,,
"MEX","Mexico","A","Annual","2014","2014","MXN","Mexican Peso","0","units",,,17050.8,,
"CZE","Czech Republic","M","Monthly","2010","2010","CZK","Czech Koruna","0","units",,,8000,,
"CZE","Czech Republic","M","Monthly","2011","2011","CZK","Czech Koruna","0","units",,,8000,,
"CZE","Czech Republic","M","Monthly","2012","2012","CZK","Czech Koruna","0","units",,,8000,,
"CZE","Czech Republic","M","Monthly","2013","2013","CZK","Czech Koruna","0","units",,,8208,,
"CZE","Czech Republic","M","Monthly","2014","2014","CZK","Czech Koruna","0","units",,,8500,,
"CAN","Canada","A","Annual","2010","2010","CAD","Canadian Dollar","0","units",,,19448,,
"CAN","Canada","A","Annual","2011","2011","CAD","Canadian Dollar","0","units",,,20072,,
"CAN","Canada","A","Annual","2012","2012","CAD","Canadian Dollar","0","units",,,20779,,
"CAN","Canada","A","Annual","2013","2013","CAD","Canadian Dollar","0","units",,,21091,,
"CAN","Canada","A","Annual","2014","2014","CAD","Canadian Dollar","0","units",,,21632,,
"USA","United States","H","Hourly","2010","2010","USD","US Dollar","0","units",,,7.25,,
"USA","United States","H","Hourly","2011","2011","USD","US Dollar","0","units",,,7.25,,
"USA","United States","H","Hourly","2012","2012","USD","US Dollar","0","units",,,7.25,,
"USA","United States","H","Hourly","2013","2013","USD","US Dollar","0","units",,,7.25,,
"USA","United States","H","Hourly","2014","2014","USD","US Dollar","0","units",,,7.25,,
"MEX","Mexico","D","Daily","2010","2010","MXN","Mexican Peso","0","units",,,55.77,,
"MEX","Mexico","D","Daily","2011","2011","MXN","Mexican Peso","0","units",,,58.06,,
"MEX","Mexico","D","Daily","2012","2012","MXN","Mexican Peso","0","units",,,60.54,,
"MEX","Mexico","D","Daily","2013","2013","MXN","Mexican Peso","0","units",,,63.12,,
"MEX","Mexico","D","Daily","2014","2014","MXN","Mexican Peso","0","units",,,65.58,,
"LTU","Lithuania","M","Monthly","2010","2010","LTL","Lithuanian Litas","0","units",,,800,,
"LTU","Lithuania","M","Monthly","2011","2011","LTL","Lithuanian Litas","0","units",,,800,,
"LTU","Lithuania","M","Monthly","2012","2012","LTL","Lithuanian Litas","0","units",,,821,,
"LTU","Lithuania","M","Monthly","2013","2013","LTL","Lithuanian Litas","0","units",,,1000,,
"LTU","Lithuania","M","Monthly","2014","2014","LTL","Lithuanian Litas","0","units",,,1009,,
"CZE","Czech Republic","H","Hourly","2010","2010","CZK","Czech Koruna","0","units",,,48.1,,
"CZE","Czech Republic","H","Hourly","2011","2011","CZK","Czech Koruna","0","units",,,48.1,,
"CZE","Czech Republic","H","Hourly","2012","2012","CZK","Czech Koruna","0","units",,,48.1,,
"CZE","Czech Republic","H","Hourly","2013","2013","CZK","Czech Koruna","0","units",,,49.1,,
"CZE","Czech Republic","H","Hourly","2014","2014","CZK","Czech Koruna","0","units",,,50.6,,
"EST","Estonia","A","Annual","2010","2010","EUR","Euro","0","units",,,3336,,
"EST","Estonia","A","Annual","2011","2011","EUR","Euro","0","units",,,3336,,
"EST","Estonia","A","Annual","2012","2012","EUR","Euro","0","units",,,3480,,
"EST","Estonia","A","Annual","2013","2013","EUR","Euro","0","units",,,3840,,
"EST","Estonia","A","Annual","2014","2014","EUR","Euro","0","units",,,4260,,
"GBR","United Kingdom","H","Hourly","2010","2010","GBP","Pound Sterling","0","units",,,5.83,,
"GBR","United Kingdom","H","Hourly","2011","2011","GBP","Pound Sterling","0","units",,,5.97,,
"GBR","United Kingdom","H","Hourly","2012","2012","GBP","Pound Sterling","0","units",,,6.11,,
"GBR","United Kingdom","H","Hourly","2013","2013","GBP","Pound Sterling","0","units",,,6.22,,
"GBR","United Kingdom","H","Hourly","2014","2014","GBP","Pound Sterling","0","units",,,6.36,,
"ESP","Spain","A","Annual","2010","2010","EUR","Euro","0","units",,,8866,,
"ESP","Spain","A","Annual","2011","2011","EUR","Euro","0","units",,,8981,,
"ESP","Spain","A","Annual","2012","2012","EUR","Euro","0","units",,,8981,,
"ESP","Spain","A","Annual","2013","2013","EUR","Euro","0","units",,,9034,,
"ESP","Spain","A","Annual","2014","2014","EUR","Euro","0","units",,,9035,,
"HUN","Hungary","A","Annual","2010","2010","HUF","Forint","0","units",,,882000,,
"HUN","Hungary","A","Annual","2011","2011","HUF","Forint","0","units",,,936000,,
"HUN","Hungary","A","Annual","2012","2012","HUF","Forint","0","units",,,1116000,,
"HUN","Hungary","A","Annual","2013","2013","HUF","Forint","0","units",,,1176000,,
"HUN","Hungary","A","Annual","2014","2014","HUF","Forint","0","units",,,1218000,,
"ISR","Israel","M","Monthly","2010","2010","ILS","New Israeli Sheqel","0","units",,,3850.18,,
"ISR","Israel","M","Monthly","2011","2011","ILS","New Israeli Sheqel","0","units",,,3985.1075,,
"ISR","Israel","M","Monthly","2012","2012","ILS","New Israeli Sheqel","0","units",,,4150,,
"ISR","Israel","M","Monthly","2013","2013","ILS","New Israeli Sheqel","0","units",,,4300,,
"ISR","Israel","M","Monthly","2014","2014","ILS","New Israeli Sheqel","0","units",,,4300,,
"LUX","Luxembourg","H","Hourly","2010","2010","EUR","Euro","0","units",,,9.85,,
"LUX","Luxembourg","H","Hourly","2011","2011","EUR","Euro","0","units",,,10.22,,
"LUX","Luxembourg","H","Hourly","2012","2012","EUR","Euro","0","units",,,10.48,,
"LUX","Luxembourg","H","Hourly","2013","2013","EUR","Euro","0","units",,,10.78,,
"LUX","Luxembourg","H","Hourly","2014","2014","EUR","Euro","0","units",,,11.12,,
"SVK","Slovak Republic","M","Monthly","2010","2010","EUR","Euro","0","units",,,307.7,,
"SVK","Slovak Republic","M","Monthly","2011","2011","EUR","Euro","0","units",,,317,,
"SVK","Slovak Republic","M","Monthly","2012","2012","EUR","Euro","0","units",,,327.2,,
"SVK","Slovak Republic","M","Monthly","2013","2013","EUR","Euro","0","units",,,337.7,,
"SVK","Slovak Republic","M","Monthly","2014","2014","EUR","Euro","0","units",,,352,,
"GRC","Greece","A","Annual","2010","2010","EUR","Euro","0","units",,,8614,,
"GRC","Greece","A","Annual","2011","2011","EUR","Euro","0","units",,,8683,,
"GRC","Greece","A","Annual","2012","2012","EUR","Euro","0","units",,,7058,,
"GRC","Greece","A","Annual","2013","2013","EUR","Euro","0","units",,,6826,,
"GRC","Greece","A","Annual","2014","2014","EUR","Euro","0","units",,,6826,,
"LTU","Lithuania","A","Annual","2010","2010","LTL","Lithuanian Litas","0","units",,,9600,,
"LTU","Lithuania","A","Annual","2011","2011","LTL","Lithuanian Litas","0","units",,,9600,,
"LTU","Lithuania","A","Annual","2012","2012","LTL","Lithuanian Litas","0","units",,,9850,,
"LTU","Lithuania","A","Annual","2013","2013","LTL","Lithuanian Litas","0","units",,,12000,,
"LTU","Lithuania","A","Annual","2014","2014","LTL","Lithuanian Litas","0","units",,,12108,,
"MLT","Malta","W","Weekly","2010","2010","EUR","Euro","0","units",,,152.29,,
"MLT","Malta","W","Weekly","2011","2011","EUR","Euro","0","units",,,153.45,,
"MLT","Malta","W","Weekly","2012","2012","EUR","Euro","0","units",,,158.11,,
"MLT","Malta","W","Weekly","2013","2013","EUR","Euro","0","units",,,162.19,,
"MLT","Malta","W","Weekly","2014","2014","EUR","Euro","0","units",,,165.68,,
"JPN","Japan","A","Annual","2010","2010","JPY","Yen","0","units",,,1491880,,
"JPN","Japan","A","Annual","2011","2011","JPY","Yen","0","units",,,1522040,,
"JPN","Japan","A","Annual","2012","2012","JPY","Yen","0","units",,,1539200,,
"JPN","Japan","A","Annual","2013","2013","JPY","Yen","0","units",,,1565720,,
"JPN","Japan","A","Annual","2014","2014","JPY","Yen","0","units",,,1597440,,
"AUS","Australia","A","Annual","2010","2010","AUD","Australian Dollar","0","units",,,28956,,
"AUS","Australia","A","Annual","2011","2011","AUD","Australian Dollar","0","units",,,30139,,
"AUS","Australia","A","Annual","2012","2012","AUD","Australian Dollar","0","units",,,31088,,
"AUS","Australia","A","Annual","2013","2013","AUD","Australian Dollar","0","units",,,31944,,
"AUS","Australia","A","Annual","2014","2014","AUD","Australian Dollar","0","units",,,32841,,
"ISR","Israel","A","Annual","2010","2010","ILS","New Israeli Sheqel","0","units",,,46202.16,,
"ISR","Israel","A","Annual","2011","2011","ILS","New Israeli Sheqel","0","units",,,47821.29,,
"ISR","Israel","A","Annual","2012","2012","ILS","New Israeli Sheqel","0","units",,,49800,,
"ISR","Israel","A","Annual","2013","2013","ILS","New Israeli Sheqel","0","units",,,51600,,
"ISR","Israel","A","Annual","2014","2014","ILS","New Israeli Sheqel","0","units",,,51600,,
"BEL","Belgium","A","Annual","2010","2010","EUR","Euro","0","units",,,17403.28,,
"BEL","Belgium","A","Annual","2011","2011","EUR","Euro","0","units",,,17868.88,,
"BEL","Belgium","A","Annual","2012","2012","EUR","Euro","0","units",,,18346.7,,
"BEL","Belgium","A","Annual","2013","2013","EUR","Euro","0","units",,,18712.6,,
"BEL","Belgium","A","Annual","2014","2014","EUR","Euro","0","units",,,18712.6,,
"NZL","New Zealand","A","Annual","2010","2010","NZD","New Zealand Dollar","0","units",,,26390,,
"NZL","New Zealand","A","Annual","2011","2011","NZD","New Zealand Dollar","0","units",,,26910,,
"NZL","New Zealand","A","Annual","2012","2012","NZD","New Zealand Dollar","0","units",,,27820,,
"NZL","New Zealand","A","Annual","2013","2013","NZD","New Zealand Dollar","0","units",,,28470,,
"NZL","New Zealand","A","Annual","2014","2014","NZD","New Zealand Dollar","0","units",,,29380,,
"JPN","Japan","D","Daily","2010","2010","JPY","Yen","0","units",,,5691,,
"JPN","Japan","D","Daily","2011","2011","JPY","Yen","0","units",,,5827,,
"JPN","Japan","D","Daily","2012","2012","JPY","Yen","0","units",,,5883,,
"JPN","Japan","D","Daily","2013","2013","JPY","Yen","0","units",,,5978,,
"JPN","Japan","D","Daily","2014","2014","JPY","Yen","0","units",,,6098,,
"GBR","United Kingdom","A","Annual","2010","2010","GBP","Pound Sterling","0","units",,,12132,,
"GBR","United Kingdom","A","Annual","2011","2011","GBP","Pound Sterling","0","units",,,12412,,
"GBR","United Kingdom","A","Annual","2012","2012","GBP","Pound Sterling","0","units",,,12704,,
"GBR","United Kingdom","A","Annual","2013","2013","GBP","Pound Sterling","0","units",,,12938,,
"GBR","United Kingdom","A","Annual","2014","2014","GBP","Pound Sterling","0","units",,,13224,,
"NLD","Netherlands","M","Monthly","2010","2010","EUR","Euro","0","units",,,1411.8,,
"NLD","Netherlands","M","Monthly","2011","2011","EUR","Euro","0","units",,,1421.8,,
"NLD","Netherlands","M","Monthly","2012","2012","EUR","Euro","0","units",,,1451.4,,
"NLD","Netherlands","M","Monthly","2013","2013","EUR","Euro","0","units",,,1469.4,,
"NLD","Netherlands","M","Monthly","2014","2014","EUR","Euro","0","units",,,1490.4,,
"POL","Poland","A","Annual","2010","2010","PLN","Zloty","0","units",,,15804,,
"POL","Poland","A","Annual","2011","2011","PLN","Zloty","0","units",,,16632,,
"POL","Poland","A","Annual","2012","2012","PLN","Zloty","0","units",,,18000,,
"POL","Poland","A","Annual","2013","2013","PLN","Zloty","0","units",,,19200,,
"POL","Poland","A","Annual","2014","2014","PLN","Zloty","0","units",,,20160,,
"FRA","France","A","Annual","2010","2010","EUR","Euro","0","units",,,16088.82,,
"FRA","France","A","Annual","2011","2011","EUR","Euro","0","units",,,16408.82,,
"FRA","France","A","Annual","2012","2012","EUR","Euro","0","units",,,16944.24,,
"FRA","France","A","Annual","2013","2013","EUR","Euro","0","units",,,17162.64,,
"FRA","France","A","Annual","2014","2014","EUR","Euro","0","units",,,17354,,
"GRC","Greece","D","Daily","2010","2010","EUR","Euro","0","units",,,33.04,,
"GRC","Greece","D","Daily","2011","2011","EUR","Euro","0","units",,,33.31,,
"GRC","Greece","D","Daily","2012","2012","EUR","Euro","0","units",,,27.07,,
"GRC","Greece","D","Daily","2013","2013","EUR","Euro","0","units",,,26.18,,
"GRC","Greece","D","Daily","2014","2014","EUR","Euro","0","units",,,26.18,,
"LVA","Latvia","M","Monthly","2010","2010","LVL","Latvian Lats","0","units",,,180,,
"LVA","Latvia","M","Monthly","2011","2011","LVL","Latvian Lats","0","units",,,200,,
"LVA","Latvia","M","Monthly","2012","2012","LVL","Latvian Lats","0","units",,,200,,
"LVA","Latvia","M","Monthly","2013","2013","LVL","Latvian Lats","0","units",,,200,,
"LVA","Latvia","M","Monthly","2014","2014","LVL","Latvian Lats","0","units",,,225.4,,
