"COUNTRY","Country","SERIES","Series","PERIOD","Pay period","TIME","Time","Unit Code","Unit","PowerCode Code","PowerCode","Reference Period Code","Reference Period","Value","Flag Codes","Flags"
"IRL","Ireland","PPP","In 2014 constant prices at 2014 USD PPPs","A","Annual","2010","2010","USD","US Dollar","0","units",,,22491,,
"IRL","Ireland","PPP","In 2014 constant prices at 2014 USD PPPs","A","Annual","2011","2011","USD","US Dollar","0","units",,,21923,,
"IRL","Ireland","PPP","In 2014 constant prices at 2014 USD PPPs","A","Annual","2012","2012","USD","US Dollar","0","units",,,21556,,
"IRL","Ireland","PPP","In 2014 constant prices at 2014 USD PPPs","A","Annual","2013","2013","USD","US Dollar","0","units",,,21447,,
"IRL","Ireland","PPP","In 2014 constant prices at 2014 USD PPPs","A","Annual","2014","2014","USD","US Dollar","0","units",,,21404,,
"ESP","Spain","EXR","In 2014 constant prices at 2014 USD exchange rates","A","Annual","2010","2010","USD","US Dollar","0","units",,,12592,,
"ESP","Spain","EXR","In 2014 constant prices at 2014 USD exchange rates","A","Annual","2011","2011","USD","US Dollar","0","units",,,12360,,
"ESP","Spain","EXR","In 2014 constant prices at 2014 USD exchange rates","A","Annual","2012","2012","USD","US Dollar","0","units",,,12065,,
"ESP","Spain","EXR","In 2014 constant prices at 2014 USD exchange rates","A","Annual","2013","2013","USD","US Dollar","0","units",,,11968,,
"ESP","Spain","EXR","In 2014 constant prices at 2014 USD exchange rates","A","Annual","2014","2014","USD","US Dollar","0","units",,,11987,,
"AUS","Australia","EXR","In 2014 constant prices at 2014 USD exchange rates","A","Annual","2010","2010","USD","US Dollar","0","units",,,28811,,
"AUS","Australia","EXR","In 2014 constant prices at 2014 USD exchange rates","A","Annual","2011","2011","USD","US Dollar","0","units",,,29030,,
"AUS","Australia","EXR","In 2014 constant prices at 2014 USD exchange rates","A","Annual","2012","2012","USD","US Dollar","0","units",,,29426,,
"AUS","Australia","EXR","In 2014 constant prices at 2014 USD exchange rates","A","Annual","2013","2013","USD","US Dollar","0","units",,,29511,,
"AUS","Australia","EXR","In 2014 constant prices at 2014 USD exchange rates","A","Annual","2014","2014","USD","US Dollar","0","units",,,29603,,
"ESP","Spain","PPP","In 2014 constant prices at 2014 USD PPPs","H","Hourly","2010","2010","USD","US Dollar","0","units",,,5.8000002,,
"ESP","Spain","PPP","In 2014 constant prices at 2014 USD PPPs","H","Hourly","2011","2011","USD","US Dollar","0","units",,,5.6999998,,
"ESP","Spain","PPP","In 2014 constant prices at 2014 USD PPPs","H","Hourly","2012","2012","USD","US Dollar","0","units",,,5.5,,
"ESP","Spain","PPP","In 2014 constant prices at 2014 USD PPPs","H","Hourly","2013","2013","USD","US Dollar","0","units",,,5.5,,
"ESP","Spain","PPP","In 2014 constant prices at 2014 USD PPPs","H","Hourly","2014","2014","USD","US Dollar","0","units",,,5.5,,
"TUR","Turkey","EXR","In 2014 constant prices at 2014 USD exchange rates","H","Hourly","2010","2010","USD","US Dollar","0","units",,,2.6600001,,
"TUR","Turkey","EXR","In 2014 constant prices at 2014 USD exchange rates","H","Hourly","2011","2011","USD","US Dollar","0","units",,,2.74,,
"TUR","Turkey","EXR","In 2014 constant prices at 2014 USD exchange rates","H","Hourly","2012","2012","USD","US Dollar","0","units",,,2.8099999,,
"TUR","Turkey","EXR","In 2014 constant prices at 2014 USD exchange rates","H","Hourly","2013","2013","USD","US Dollar","0","units",,,2.8599999,,
"TUR","Turkey","EXR","In 2014 constant prices at 2014 USD exchange rates","H","Hourly","2014","2014","USD","US Dollar","0","units",,,2.9000001,,
"LUX","Luxembourg","PPP","In 2014 constant prices at 2014 USD PPPs","A","Annual","2010","2010","USD","US Dollar","0","units",,,24681,,
"LUX","Luxembourg","PPP","In 2014 constant prices at 2014 USD PPPs","A","Annual","2011","2011","USD","US Dollar","0","units",,,24774,,
"LUX","Luxembourg","PPP","In 2014 constant prices at 2014 USD PPPs","A","Annual","2012","2012","USD","US Dollar","0","units",,,24735,,
"LUX","Luxembourg","PPP","In 2014 constant prices at 2014 USD PPPs","A","Annual","2013","2013","USD","US Dollar","0","units",,,25014,,
"LUX","Luxembourg","PPP","In 2014 constant prices at 2014 USD PPPs","A","Annual","2014","2014","USD","US Dollar","0","units",,,25628,,
"NZL","New Zealand","EXR","In 2014 constant prices at 2014 USD exchange rates","A","Annual","2010","2010","USD","US Dollar","0","units",,,23563,,
"NZL","New Zealand","EXR","In 2014 constant prices at 2014 USD exchange rates","A","Annual","2011","2011","USD","US Dollar","0","units",,,23096,,
"NZL","New Zealand","EXR","In 2014 constant prices at 2014 USD exchange rates","A","Annual","2012","2012","USD","US Dollar","0","units",,,23627,,
"NZL","New Zealand","EXR","In 2014 constant prices at 2014 USD exchange rates","A","Annual","2013","2013","USD","US Dollar","0","units",,,23909,,
"NZL","New Zealand","EXR","In 2014 constant prices at 2014 USD exchange rates","A","Annual","2014","2014","USD","US Dollar","0","units",,,24373,,
"GBR","United Kingdom","EXR","In 2014 constant prices at 2014 USD exchange rates","A","Annual","2010","2010","USD","US Dollar","0","units",,,22316,,
"GBR","United Kingdom","EXR","In 2014 constant prices at 2014 USD exchange rates","A","Annual","2011","2011","USD","US Dollar","0","units",,,21852,,
"GBR","United Kingdom","EXR","In 2014 constant prices at 2014 USD exchange rates","A","Annual","2012","2012","USD","US Dollar","0","units",,,21752,,
"GBR","United Kingdom","EXR","In 2014 constant prices at 2014 USD exchange rates","A","Annual","2013","2013","USD","US Dollar","0","units",,,21600,,
"GBR","United Kingdom","EXR","In 2014 constant prices at 2014 USD exchange rates","A","Annual","2014","2014","USD","US Dollar","0","units",,,21760,,
"MEX","Mexico","EXR","In 2014 constant prices at 2014 USD exchange rates","H","Hourly","2010","2010","USD","US Dollar","0","units",,,0.61000001,,
"MEX","Mexico","EXR","In 2014 constant prices at 2014 USD exchange rates","H","Hourly","2011","2011","USD","US Dollar","0","units",,,0.61000001,,
"MEX","Mexico","EXR","In 2014 constant prices at 2014 USD exchange rates","H","Hourly","2012","2012","USD","US Dollar","0","units",,,0.61000001,,
"MEX","Mexico","EXR","In 2014 constant prices at 2014 USD exchange rates","H","Hourly","2013","2013","USD","US Dollar","0","units",,,0.62,,
"MEX","Mexico","EXR","In 2014 constant prices at 2014 USD exchange rates","H","Hourly","2014","2014","USD","US Dollar","0","units",,,0.62,,
"GRC","Greece","EXR","In 2014 constant prices at 2014 USD exchange rates","A","Annual","2010","2010","USD","US Dollar","0","units",,,11720,,
"GRC","Greece","EXR","In 2014 constant prices at 2014 USD exchange rates","A","Annual","2011","2011","USD","US Dollar","0","units",,,11433,,
"GRC","Greece","EXR","In 2014 constant prices at 2014 USD exchange rates","A","Annual","2012","2012","USD","US Dollar","0","units",,,9156,,
"GRC","Greece","EXR","In 2014 constant prices at 2014 USD exchange rates","A","Annual","2013","2013","USD","US Dollar","0","units",,,8937,,
"GRC","Greece","EXR","In 2014 constant prices at 2014 USD exchange rates","A","Annual","2014","2014","USD","US Dollar","0","units",,,9056,,
"SVK","Slovak Republic","EXR","In 2014 constant prices at 2014 USD exchange rates","H","Hourly","2010","2010","USD","US Dollar","0","units",,,2.3499999,,
"SVK","Slovak Republic","EXR","In 2014 constant prices at 2014 USD exchange rates","H","Hourly","2011","2011","USD","US Dollar","0","units",,,2.4200001,,
"SVK","Slovak Republic","EXR","In 2014 constant prices at 2014 USD exchange rates","H","Hourly","2012","2012","USD","US Dollar","0","units",,,2.49,,
"SVK","Slovak Republic","EXR","In 2014 constant prices at 2014 USD exchange rates","H","Hourly","2013","2013","USD","US Dollar","0","units",,,2.49,,
"SVK","Slovak Republic","EXR","In 2014 constant prices at 2014 USD exchange rates","H","Hourly","2014","2014","USD","US Dollar","0","units",,,2.49,,
"PRT","Portugal","PPP","In 2014 constant prices at 2014 USD PPPs","A","Annual","2010","2010","USD","US Dollar","0","units",,,12056,,
"PRT","Portugal","PPP","In 2014 constant prices at 2014 USD PPPs","A","Annual","2011","2011","USD","US Dollar","0","units",,,11877,,
"PRT","Portugal","PPP","In 2014 constant prices at 2014 USD PPPs","A","Annual","2012","2012","USD","US Dollar","0","units",,,11556,,
"PRT","Portugal","PPP","In 2014 constant prices at 2014 USD PPPs","A","Annual","2013","2013","USD","US Dollar","0","units",,,11524,,
"PRT","Portugal","PPP","In 2014 constant prices at 2014 USD PPPs","A","Annual","2014","2014","USD","US Dollar","0","units",,,11676,,
"FRA","France","PPP","In 2014 constant prices at 2014 USD PPPs","H","Hourly","2010","2010","USD","US Dollar","0","units",,,11.3,,
"FRA","France","PPP","In 2014 constant prices at 2014 USD PPPs","H","Hourly","2011","2011","USD","US Dollar","0","units",,,11.2,,
"FRA","France","PPP","In 2014 constant prices at 2014 USD PPPs","H","Hourly","2012","2012","USD","US Dollar","0","units",,,11.4,,
"FRA","France","PPP","In 2014 constant prices at 2014 USD PPPs","H","Hourly","2013","2013","USD","US Dollar","0","units",,,11.4,,
"FRA","France","PPP","In 2014 constant prices at 2014 USD PPPs","H","Hourly","2014","2014","USD","US Dollar","0","units",,,11.5,,
"USA","United States","PPP","In 2014 constant prices at 2014 USD PPPs","A","Annual","2010","2010","USD","US Dollar","0","units",,,16372,,
"USA","United States","PPP","In 2014 constant prices at 2014 USD PPPs","A","Annual","2011","2011","USD","US Dollar","0","units",,,15871,,
"USA","United States","PPP","In 2014 constant prices at 2014 USD PPPs","A","Annual","2012","2012","USD","US Dollar","0","units",,,15550,,
"USA","United States","PPP","In 2014 constant prices at 2014 USD PPPs","A","Annual","2013","2013","USD","US Dollar","0","units",,,15326,,
"USA","United States","PPP","In 2014 constant prices at 2014 USD PPPs","A","Annual","2014","2014","USD","US Dollar","0","units",,,15080,,
"JPN","Japan","PPP","In 2014 constant prices at 2014 USD PPPs","H","Hourly","2010","2010","USD","US Dollar","0","units",,,7,,
"JPN","Japan","PPP","In 2014 constant prices at 2014 USD PPPs","H","Hourly","2011","2011","USD","US Dollar","0","units",,,7.0999999,,
"JPN","Japan","PPP","In 2014 constant prices at 2014 USD PPPs","H","Hourly","2012","2012","USD","US Dollar","0","units",,,7.1999998,,
"JPN","Japan","PPP","In 2014 constant prices at 2014 USD PPPs","H","Hourly","2013","2013","USD","US Dollar","0","units",,,7.3000002,,
"JPN","Japan","PPP","In 2014 constant prices at 2014 USD PPPs","H","Hourly","2014","2014","USD","US Dollar","0","units",,,7.3000002,,
"FRA","France","EXR","In 2014 constant prices at 2014 USD exchange rates","A","Annual","2010","2010","USD","US Dollar","0","units",,,22530,,
"FRA","France","EXR","In 2014 constant prices at 2014 USD exchange rates","A","Annual","2011","2011","USD","US Dollar","0","units",,,22501,,
"FRA","France","EXR","In 2014 constant prices at 2014 USD exchange rates","A","Annual","2012","2012","USD","US Dollar","0","units",,,22792,,
"FRA","France","EXR","In 2014 constant prices at 2014 USD exchange rates","A","Annual","2013","2013","USD","US Dollar","0","units",,,22887,,
"FRA","France","EXR","In 2014 constant prices at 2014 USD exchange rates","A","Annual","2014","2014","USD","US Dollar","0","units",,,23012,,
"NLD","Netherlands","EXR","In 2014 constant prices at 2014 USD exchange rates","H","Hourly","2010","2010","USD","US Dollar","0","units",,,11.7,,
"NLD","Netherlands","EXR","In 2014 constant prices at 2014 USD exchange rates","H","Hourly","2011","2011","USD","US Dollar","0","units",,,11.51,,
"NLD","Netherlands","EXR","In 2014 constant prices at 2014 USD exchange rates","H","Hourly","2012","2012","USD","US Dollar","0","units",,,11.47,,
"NLD","Netherlands","EXR","In 2014 constant prices at 2014 USD exchange rates","H","Hourly","2013","2013","USD","US Dollar","0","units",,,11.32,,
"NLD","Netherlands","EXR","In 2014 constant prices at 2014 USD exchange rates","H","Hourly","2014","2014","USD","US Dollar","0","units",,,11.38,,
"EST","Estonia","PPP","In 2014 constant prices at 2014 USD PPPs","A","Annual","2010","2010","USD","US Dollar","0","units",,,6627,,
"EST","Estonia","PPP","In 2014 constant prices at 2014 USD PPPs","A","Annual","2011","2011","USD","US Dollar","0","units",,,6313,,
"EST","Estonia","PPP","In 2014 constant prices at 2014 USD PPPs","A","Annual","2012","2012","USD","US Dollar","0","units",,,6336,,
"EST","Estonia","PPP","In 2014 constant prices at 2014 USD PPPs","A","Annual","2013","2013","USD","US Dollar","0","units",,,6802,,
"EST","Estonia","PPP","In 2014 constant prices at 2014 USD PPPs","A","Annual","2014","2014","USD","US Dollar","0","units",,,7554,,
"HUN","Hungary","EXR","In 2014 constant prices at 2014 USD exchange rates","A","Annual","2010","2010","USD","US Dollar","0","units",,,4226,,
"HUN","Hungary","EXR","In 2014 constant prices at 2014 USD exchange rates","A","Annual","2011","2011","USD","US Dollar","0","units",,,4315,,
"HUN","Hungary","EXR","In 2014 constant prices at 2014 USD exchange rates","A","Annual","2012","2012","USD","US Dollar","0","units",,,4870,,
"HUN","Hungary","EXR","In 2014 constant prices at 2014 USD exchange rates","A","Annual","2013","2013","USD","US Dollar","0","units",,,5044,,
"HUN","Hungary","EXR","In 2014 constant prices at 2014 USD exchange rates","A","Annual","2014","2014","USD","US Dollar","0","units",,,5236,,
"POL","Poland","EXR","In 2014 constant prices at 2014 USD exchange rates","A","Annual","2010","2010","USD","US Dollar","0","units",,,5465,,
"POL","Poland","EXR","In 2014 constant prices at 2014 USD exchange rates","A","Annual","2011","2011","USD","US Dollar","0","units",,,5517,,
"POL","Poland","EXR","In 2014 constant prices at 2014 USD exchange rates","A","Annual","2012","2012","USD","US Dollar","0","units",,,5766,,
"POL","Poland","EXR","In 2014 constant prices at 2014 USD exchange rates","A","Annual","2013","2013","USD","US Dollar","0","units",,,6090,,
"POL","Poland","EXR","In 2014 constant prices at 2014 USD exchange rates","A","Annual","2014","2014","USD","US Dollar","0","units",,,6391,,
"CZE","Czech Republic","EXR","In 2014 constant prices at 2014 USD exchange rates","H","Hourly","2010","2010","USD","US Dollar","0","units",,,2.48,,
"CZE","Czech Republic","EXR","In 2014 constant prices at 2014 USD exchange rates","H","Hourly","2011","2011","USD","US Dollar","0","units",,,2.4400001,,
"CZE","Czech Republic","EXR","In 2014 constant prices at 2014 USD exchange rates","H","Hourly","2012","2012","USD","US Dollar","0","units",,,2.3599999,,
"CZE","Czech Republic","EXR","In 2014 constant prices at 2014 USD exchange rates","H","Hourly","2013","2013","USD","US Dollar","0","units",,,2.3699999,,
"CZE","Czech Republic","EXR","In 2014 constant prices at 2014 USD exchange rates","H","Hourly","2014","2014","USD","US Dollar","0","units",,,2.4400001,,
"JPN","Japan","EXR","In 2014 constant prices at 2014 USD exchange rates","A","Annual","2010","2010","USD","US Dollar","0","units",,,14475,,
"JPN","Japan","EXR","In 2014 constant prices at 2014 USD exchange rates","A","Annual","2011","2011","USD","US Dollar","0","units",,,14809,,
"JPN","Japan","EXR","In 2014 constant prices at 2014 USD exchange rates","A","Annual","2012","2012","USD","US Dollar","0","units",,,14982,,
"JPN","Japan","EXR","In 2014 constant prices at 2014 USD exchange rates","A","Annual","2013","2013","USD","US Dollar","0","units",,,15185,,
"JPN","Japan","EXR","In 2014 constant prices at 2014 USD exchange rates","A","Annual","2014","2014","USD","US Dollar","0","units",,,15078,,
"POL","Poland","PPP","In 2014 constant prices at 2014 USD PPPs","H","Hourly","2010","2010","USD","US Dollar","0","units",,,4.5,,
"POL","Poland","PPP","In 2014 constant prices at 2014 USD PPPs","H","Hourly","2011","2011","USD","US Dollar","0","units",,,4.5999999,,
"POL","Poland","PPP","In 2014 constant prices at 2014 USD PPPs","H","Hourly","2012","2012","USD","US Dollar","0","units",,,4.8000002,,
"POL","Poland","PPP","In 2014 constant prices at 2014 USD PPPs","H","Hourly","2013","2013","USD","US Dollar","0","units",,,5,,
"POL","Poland","PPP","In 2014 constant prices at 2014 USD PPPs","H","Hourly","2014","2014","USD","US Dollar","0","units",,,5.3000002,,
"CAN","Canada","PPP","In 2014 constant prices at 2014 USD PPPs","A","Annual","2010","2010","USD","US Dollar","0","units",,,16570,,
"CAN","Canada","PPP","In 2014 constant prices at 2014 USD PPPs","A","Annual","2011","2011","USD","US Dollar","0","units",,,16618,,
"CAN","Canada","PPP","In 2014 constant prices at 2014 USD PPPs","A","Annual","2012","2012","USD","US Dollar","0","units",,,16930,,
"CAN","Canada","PPP","In 2014 constant prices at 2014 USD PPPs","A","Annual","2013","2013","USD","US Dollar","0","units",,,17042,,
"CAN","Canada","PPP","In 2014 constant prices at 2014 USD PPPs","A","Annual","2014","2014","USD","US Dollar","0","units",,,17152,,
"NZL","New Zealand","PPP","In 2014 constant prices at 2014 USD PPPs","H","Hourly","2010","2010","USD","US Dollar","0","units",,,9.3000002,,
"NZL","New Zealand","PPP","In 2014 constant prices at 2014 USD PPPs","H","Hourly","2011","2011","USD","US Dollar","0","units",,,9.1000004,,
"NZL","New Zealand","PPP","In 2014 constant prices at 2014 USD PPPs","H","Hourly","2012","2012","USD","US Dollar","0","units",,,9.3000002,,
"NZL","New Zealand","PPP","In 2014 constant prices at 2014 USD PPPs","H","Hourly","2013","2013","USD","US Dollar","0","units",,,9.3999996,,
"NZL","New Zealand","PPP","In 2014 constant prices at 2014 USD PPPs","H","Hourly","2014","2014","USD","US Dollar","0","units",,,9.6000004,,
"FRA","France","PPP","In 2014 constant prices at 2014 USD PPPs","A","Annual","2010","2010","USD","US Dollar","0","units",,,20482,,
"FRA","France","PPP","In 2014 constant prices at 2014 USD PPPs","A","Annual","2011","2011","USD","US Dollar","0","units",,,20456,,
"FRA","France","PPP","In 2014 constant prices at 2014 USD PPPs","A","Annual","2012","2012","USD","US Dollar","0","units",,,20720,,
"FRA","France","PPP","In 2014 constant prices at 2014 USD PPPs","A","Annual","2013","2013","USD","US Dollar","0","units",,,20806,,
"FRA","France","PPP","In 2014 constant prices at 2014 USD PPPs","A","Annual","2014","2014","USD","US Dollar","0","units",,,20919,,
"KOR","Korea","PPP","In 2014 constant prices at 2014 USD PPPs","H","Hourly","2010","2010","USD","US Dollar","0","units",,,5.1999998,,
"KOR","Korea","PPP","In 2014 constant prices at 2014 USD PPPs","H","Hourly","2011","2011","USD","US Dollar","0","units",,,5.3000002,,
"KOR","Korea","PPP","In 2014 constant prices at 2014 USD PPPs","H","Hourly","2012","2012","USD","US Dollar","0","units",,,5.5,,
"KOR","Korea","PPP","In 2014 constant prices at 2014 USD PPPs","H","Hourly","2013","2013","USD","US Dollar","0","units",,,5.6999998,,
"KOR","Korea","PPP","In 2014 constant prices at 2014 USD PPPs","H","Hourly","2014","2014","USD","US Dollar","0","units",,,6.0999999,,
"MEX","Mexico","PPP","In 2014 constant prices at 2014 USD PPPs","A","Annual","2010","2010","USD","US Dollar","0","units",,,2101,,
"MEX","Mexico","PPP","In 2014 constant prices at 2014 USD PPPs","A","Annual","2011","2011","USD","US Dollar","0","units",,,2115,,
"MEX","Mexico","PPP","In 2014 constant prices at 2014 USD PPPs","A","Annual","2012","2012","USD","US Dollar","0","units",,,2119,,
"MEX","Mexico","PPP","In 2014 constant prices at 2014 USD PPPs","A","Annual","2013","2013","USD","US Dollar","0","units",,,2128,,
"MEX","Mexico","PPP","In 2014 constant prices at 2014 USD PPPs","A","Annual","2014","2014","USD","US Dollar","0","units",,,2125,,
"SVN","Slovenia","PPP","In 2014 constant prices at 2014 USD PPPs","H","Hourly","2010","2010","USD","US Dollar","0","units",,,7.1999998,,
"SVN","Slovenia","PPP","In 2014 constant prices at 2014 USD PPPs","H","Hourly","2011","2011","USD","US Dollar","0","units",,,7.4000001,,
"SVN","Slovenia","PPP","In 2014 constant prices at 2014 USD PPPs","H","Hourly","2012","2012","USD","US Dollar","0","units",,,7.4000001,,
"SVN","Slovenia","PPP","In 2014 constant prices at 2014 USD PPPs","H","Hourly","2013","2013","USD","US Dollar","0","units",,,7.5,,
"SVN","Slovenia","PPP","In 2014 constant prices at 2014 USD PPPs","H","Hourly","2014","2014","USD","US Dollar","0","units",,,7.5,,
"EST","Estonia","EXR","In 2014 constant prices at 2014 USD exchange rates","A","Annual","2010","2010","USD","US Dollar","0","units",,,4959,,
"EST","Estonia","EXR","In 2014 constant prices at 2014 USD exchange rates","A","Annual","2011","2011","USD","US Dollar","0","units",,,4723,,
"EST","Estonia","EXR","In 2014 constant prices at 2014 USD exchange rates","A","Annual","2012","2012","USD","US Dollar","0","units",,,4741,,
"EST","Estonia","EXR","In 2014 constant prices at 2014 USD exchange rates","A","Annual","2013","2013","USD","US Dollar","0","units",,,5089,,
"EST","Estonia","EXR","In 2014 constant prices at 2014 USD exchange rates","A","Annual","2014","2014","USD","US Dollar","0","units",,,5652,,
"NLD","Netherlands","EXR","In 2014 constant prices at 2014 USD exchange rates","A","Annual","2010","2010","USD","US Dollar","0","units",,,26346,,
"NLD","Netherlands","EXR","In 2014 constant prices at 2014 USD exchange rates","A","Annual","2011","2011","USD","US Dollar","0","units",,,25926,,
"NLD","Netherlands","EXR","In 2014 constant prices at 2014 USD exchange rates","A","Annual","2012","2012","USD","US Dollar","0","units",,,25832,,
"NLD","Netherlands","EXR","In 2014 constant prices at 2014 USD exchange rates","A","Annual","2013","2013","USD","US Dollar","0","units",,,25511,,
"NLD","Netherlands","EXR","In 2014 constant prices at 2014 USD exchange rates","A","Annual","2014","2014","USD","US Dollar","0","units",,,25627,,
"POL","Poland","PPP","In 2014 constant prices at 2014 USD PPPs","A","Annual","2010","2010","USD","US Dollar","0","units",,,9428,,
"POL","Poland","PPP","In 2014 constant prices at 2014 USD PPPs","A","Annual","2011","2011","USD","US Dollar","0","units",,,9518,,
"POL","Poland","PPP","In 2014 constant prices at 2014 USD PPPs","A","Annual","2012","2012","USD","US Dollar","0","units",,,9947,,
"POL","Poland","PPP","In 2014 constant prices at 2014 USD PPPs","A","Annual","2013","2013","USD","US Dollar","0","units",,,10506,,
"POL","Poland","PPP","In 2014 constant prices at 2014 USD PPPs","A","Annual","2014","2014","USD","US Dollar","0","units",,,11026,,
"KOR","Korea","EXR","In 2014 constant prices at 2014 USD exchange rates","A","Annual","2010","2010","USD","US Dollar","0","units",,,11545,,
"KOR","Korea","EXR","In 2014 constant prices at 2014 USD exchange rates","A","Annual","2011","2011","USD","US Dollar","0","units",,,11665,,
"KOR","Korea","EXR","In 2014 constant prices at 2014 USD exchange rates","A","Annual","2012","2012","USD","US Dollar","0","units",,,11192,,
"KOR","Korea","EXR","In 2014 constant prices at 2014 USD exchange rates","A","Annual","2013","2013","USD","US Dollar","0","units",,,11724,,
"KOR","Korea","EXR","In 2014 constant prices at 2014 USD exchange rates","A","Annual","2014","2014","USD","US Dollar","0","units",,,12409,,
"CHL","Chile","PPP","In 2014 constant prices at 2014 USD PPPs","H","Hourly","2010","2010","USD","US Dollar","0","units",,,3,,
"CHL","Chile","PPP","In 2014 constant prices at 2014 USD PPPs","H","Hourly","2011","2011","USD","US Dollar","0","units",,,3,,
"CHL","Chile","PPP","In 2014 constant prices at 2014 USD PPPs","H","Hourly","2012","2012","USD","US Dollar","0","units",,,3.0999999,,
"CHL","Chile","PPP","In 2014 constant prices at 2014 USD PPPs","H","Hourly","2013","2013","USD","US Dollar","0","units",,,3.3,,
"CHL","Chile","PPP","In 2014 constant prices at 2014 USD PPPs","H","Hourly","2014","2014","USD","US Dollar","0","units",,,3.4000001,,
"PRT","Portugal","EXR","In 2014 constant prices at 2014 USD exchange rates","H","Hourly","2010","2010","USD","US Dollar","0","units",,,3.8599999,,
"PRT","Portugal","EXR","In 2014 constant prices at 2014 USD exchange rates","H","Hourly","2011","2011","USD","US Dollar","0","units",,,3.8,,
"PRT","Portugal","EXR","In 2014 constant prices at 2014 USD exchange rates","H","Hourly","2012","2012","USD","US Dollar","0","units",,,3.7,,
"PRT","Portugal","EXR","In 2014 constant prices at 2014 USD exchange rates","H","Hourly","2013","2013","USD","US Dollar","0","units",,,3.6900001,,
"PRT","Portugal","EXR","In 2014 constant prices at 2014 USD exchange rates","H","Hourly","2014","2014","USD","US Dollar","0","units",,,3.74,,
"CZE","Czech Republic","PPP","In 2014 constant prices at 2014 USD PPPs","H","Hourly","2010","2010","USD","US Dollar","0","units",,,3.9000001,,
"CZE","Czech Republic","PPP","In 2014 constant prices at 2014 USD PPPs","H","Hourly","2011","2011","USD","US Dollar","0","units",,,3.8,,
"CZE","Czech Republic","PPP","In 2014 constant prices at 2014 USD PPPs","H","Hourly","2012","2012","USD","US Dollar","0","units",,,3.7,,
"CZE","Czech Republic","PPP","In 2014 constant prices at 2014 USD PPPs","H","Hourly","2013","2013","USD","US Dollar","0","units",,,3.7,,
"CZE","Czech Republic","PPP","In 2014 constant prices at 2014 USD PPPs","H","Hourly","2014","2014","USD","US Dollar","0","units",,,3.8,,
"LUX","Luxembourg","EXR","In 2014 constant prices at 2014 USD exchange rates","A","Annual","2010","2010","USD","US Dollar","0","units",,,29483,,
"LUX","Luxembourg","EXR","In 2014 constant prices at 2014 USD exchange rates","A","Annual","2011","2011","USD","US Dollar","0","units",,,29594,,
"LUX","Luxembourg","EXR","In 2014 constant prices at 2014 USD exchange rates","A","Annual","2012","2012","USD","US Dollar","0","units",,,29548,,
"LUX","Luxembourg","EXR","In 2014 constant prices at 2014 USD exchange rates","A","Annual","2013","2013","USD","US Dollar","0","units",,,29881,,
"LUX","Luxembourg","EXR","In 2014 constant prices at 2014 USD exchange rates","A","Annual","2014","2014","USD","US Dollar","0","units",,,30615,,
"SVN","Slovenia","EXR","In 2014 constant prices at 2014 USD exchange rates","A","Annual","2010","2010","USD","US Dollar","0","units",,,12063,,
"SVN","Slovenia","EXR","In 2014 constant prices at 2014 USD exchange rates","A","Annual","2011","2011","USD","US Dollar","0","units",,,12421,,
"SVN","Slovenia","EXR","In 2014 constant prices at 2014 USD exchange rates","A","Annual","2012","2012","USD","US Dollar","0","units",,,12386,,
"SVN","Slovenia","EXR","In 2014 constant prices at 2014 USD exchange rates","A","Annual","2013","2013","USD","US Dollar","0","units",,,12502,,
"SVN","Slovenia","EXR","In 2014 constant prices at 2014 USD exchange rates","A","Annual","2014","2014","USD","US Dollar","0","units",,,12557,,
"EST","Estonia","PPP","In 2014 constant prices at 2014 USD PPPs","H","Hourly","2010","2010","USD","US Dollar","0","units",,,3.2,,
"EST","Estonia","PPP","In 2014 constant prices at 2014 USD PPPs","H","Hourly","2011","2011","USD","US Dollar","0","units",,,3,,
"EST","Estonia","PPP","In 2014 constant prices at 2014 USD PPPs","H","Hourly","2012","2012","USD","US Dollar","0","units",,,3,,
"EST","Estonia","PPP","In 2014 constant prices at 2014 USD PPPs","H","Hourly","2013","2013","USD","US Dollar","0","units",,,3.3,,
"EST","Estonia","PPP","In 2014 constant prices at 2014 USD PPPs","H","Hourly","2014","2014","USD","US Dollar","0","units",,,3.5999999,,
"ISR","Israel","PPP","In 2014 constant prices at 2014 USD PPPs","A","Annual","2010","2010","USD","US Dollar","0","units",,,12381,,
"ISR","Israel","PPP","In 2014 constant prices at 2014 USD PPPs","A","Annual","2011","2011","USD","US Dollar","0","units",,,12387,,
"ISR","Israel","PPP","In 2014 constant prices at 2014 USD PPPs","A","Annual","2012","2012","USD","US Dollar","0","units",,,12683,,
"ISR","Israel","PPP","In 2014 constant prices at 2014 USD PPPs","A","Annual","2013","2013","USD","US Dollar","0","units",,,12940,,
"ISR","Israel","PPP","In 2014 constant prices at 2014 USD PPPs","A","Annual","2014","2014","USD","US Dollar","0","units",,,12880,,
"CHL","Chile","EXR","In 2014 constant prices at 2014 USD exchange rates","A","Annual","2010","2010","USD","US Dollar","0","units",,,4023,,
"CHL","Chile","EXR","In 2014 constant prices at 2014 USD exchange rates","A","Annual","2011","2011","USD","US Dollar","0","units",,,4089,,
"CHL","Chile","EXR","In 2014 constant prices at 2014 USD exchange rates","A","Annual","2012","2012","USD","US Dollar","0","units",,,4205,,
"CHL","Chile","EXR","In 2014 constant prices at 2014 USD exchange rates","A","Annual","2013","2013","USD","US Dollar","0","units",,,4439,,
"CHL","Chile","EXR","In 2014 constant prices at 2014 USD exchange rates","A","Annual","2014","2014","USD","US Dollar","0","units",,,4550,,
"CZE","Czech Republic","EXR","In 2014 constant prices at 2014 USD exchange rates","A","Annual","2010","2010","USD","US Dollar","0","units",,,4956,,
"CZE","Czech Republic","EXR","In 2014 constant prices at 2014 USD exchange rates","A","Annual","2011","2011","USD","US Dollar","0","units",,,4862,,
"CZE","Czech Republic","EXR","In 2014 constant prices at 2014 USD exchange rates","A","Annual","2012","2012","USD","US Dollar","0","units",,,4707,,
"CZE","Czech Republic","EXR","In 2014 constant prices at 2014 USD exchange rates","A","Annual","2013","2013","USD","US Dollar","0","units",,,4762,,
"CZE","Czech Republic","EXR","In 2014 constant prices at 2014 USD exchange rates","A","Annual","2014","2014","USD","US Dollar","0","units",,,4914,,
"IRL","Ireland","EXR","In 2014 constant prices at 2014 USD exchange rates","H","Hourly","2010","2010","USD","US Dollar","0","units",,,12.06,,
"IRL","Ireland","EXR","In 2014 constant prices at 2014 USD exchange rates","H","Hourly","2011","2011","USD","US Dollar","0","units",,,11.75,,
"IRL","Ireland","EXR","In 2014 constant prices at 2014 USD exchange rates","H","Hourly","2012","2012","USD","US Dollar","0","units",,,11.56,,
"IRL","Ireland","EXR","In 2014 constant prices at 2014 USD exchange rates","H","Hourly","2013","2013","USD","US Dollar","0","units",,,11.5,,
"IRL","Ireland","EXR","In 2014 constant prices at 2014 USD exchange rates","H","Hourly","2014","2014","USD","US Dollar","0","units",,,11.48,,
"USA","United States","EXR","In 2014 constant prices at 2014 USD exchange rates","H","Hourly","2010","2010","USD","US Dollar","0","units",,,7.8699999,,
"USA","United States","EXR","In 2014 constant prices at 2014 USD exchange rates","H","Hourly","2011","2011","USD","US Dollar","0","units",,,7.6300001,,
"USA","United States","EXR","In 2014 constant prices at 2014 USD exchange rates","H","Hourly","2012","2012","USD","US Dollar","0","units",,,7.48,,
"USA","United States","EXR","In 2014 constant prices at 2014 USD exchange rates","H","Hourly","2013","2013","USD","US Dollar","0","units",,,7.3699999,,
"USA","United States","EXR","In 2014 constant prices at 2014 USD exchange rates","H","Hourly","2014","2014","USD","US Dollar","0","units",,,7.25,,
"AUS","Australia","EXR","In 2014 constant prices at 2014 USD exchange rates","H","Hourly","2010","2010","USD","US Dollar","0","units",,,14.59,,
"AUS","Australia","EXR","In 2014 constant prices at 2014 USD exchange rates","H","Hourly","2011","2011","USD","US Dollar","0","units",,,14.7,,
"AUS","Australia","EXR","In 2014 constant prices at 2014 USD exchange rates","H","Hourly","2012","2012","USD","US Dollar","0","units",,,14.9,,
"AUS","Australia","EXR","In 2014 constant prices at 2014 USD exchange rates","H","Hourly","2013","2013","USD","US Dollar","0","units",,,14.94,,
"AUS","Australia","EXR","In 2014 constant prices at 2014 USD exchange rates","H","Hourly","2014","2014","USD","US Dollar","0","units",,,14.98,,
"LUX","Luxembourg","PPP","In 2014 constant prices at 2014 USD PPPs","H","Hourly","2010","2010","USD","US Dollar","0","units",,,11.9,,
"LUX","Luxembourg","PPP","In 2014 constant prices at 2014 USD PPPs","H","Hourly","2011","2011","USD","US Dollar","0","units",,,11.9,,
"LUX","Luxembourg","PPP","In 2014 constant prices at 2014 USD PPPs","H","Hourly","2012","2012","USD","US Dollar","0","units",,,11.9,,
"LUX","Luxembourg","PPP","In 2014 constant prices at 2014 USD PPPs","H","Hourly","2013","2013","USD","US Dollar","0","units",,,12,,
"LUX","Luxembourg","PPP","In 2014 constant prices at 2014 USD PPPs","H","Hourly","2014","2014","USD","US Dollar","0","units",,,12.4,,
"BEL","Belgium","PPP","In 2014 constant prices at 2014 USD PPPs","A","Annual","2010","2010","USD","US Dollar","0","units",,,22426,,
"BEL","Belgium","PPP","In 2014 constant prices at 2014 USD PPPs","A","Annual","2011","2011","USD","US Dollar","0","units",,,22241,,
"BEL","Belgium","PPP","In 2014 constant prices at 2014 USD PPPs","A","Annual","2012","2012","USD","US Dollar","0","units",,,22205,,
"BEL","Belgium","PPP","In 2014 constant prices at 2014 USD PPPs","A","Annual","2013","2013","USD","US Dollar","0","units",,,22398,,
"BEL","Belgium","PPP","In 2014 constant prices at 2014 USD PPPs","A","Annual","2014","2014","USD","US Dollar","0","units",,,22323,,
"HUN","Hungary","PPP","In 2014 constant prices at 2014 USD PPPs","H","Hourly","2010","2010","USD","US Dollar","0","units",,,3.5999999,,
"HUN","Hungary","PPP","In 2014 constant prices at 2014 USD PPPs","H","Hourly","2011","2011","USD","US Dollar","0","units",,,3.7,,
"HUN","Hungary","PPP","In 2014 constant prices at 2014 USD PPPs","H","Hourly","2012","2012","USD","US Dollar","0","units",,,4.0999999,,
"HUN","Hungary","PPP","In 2014 constant prices at 2014 USD PPPs","H","Hourly","2013","2013","USD","US Dollar","0","units",,,4.3000002,,
"HUN","Hungary","PPP","In 2014 constant prices at 2014 USD PPPs","H","Hourly","2014","2014","USD","US Dollar","0","units",,,4.4000001,,
"GBR","United Kingdom","PPP","In 2014 constant prices at 2014 USD PPPs","H","Hourly","2010","2010","USD","US Dollar","0","units",,,9.1999998,,
"GBR","United Kingdom","PPP","In 2014 constant prices at 2014 USD PPPs","H","Hourly","2011","2011","USD","US Dollar","0","units",,,9,,
"GBR","United Kingdom","PPP","In 2014 constant prices at 2014 USD PPPs","H","Hourly","2012","2012","USD","US Dollar","0","units",,,9,,
"GBR","United Kingdom","PPP","In 2014 constant prices at 2014 USD PPPs","H","Hourly","2013","2013","USD","US Dollar","0","units",,,8.8999996,,
"GBR","United Kingdom","PPP","In 2014 constant prices at 2014 USD PPPs","H","Hourly","2014","2014","USD","US Dollar","0","units",,,9,,
"CAN","Canada","EXR","In 2014 constant prices at 2014 USD exchange rates","H","Hourly","2010","2010","USD","US Dollar","0","units",,,9.0799999,,
"CAN","Canada","EXR","In 2014 constant prices at 2014 USD exchange rates","H","Hourly","2011","2011","USD","US Dollar","0","units",,,9.1099997,,
"CAN","Canada","EXR","In 2014 constant prices at 2014 USD exchange rates","H","Hourly","2012","2012","USD","US Dollar","0","units",,,9.29,,
"CAN","Canada","EXR","In 2014 constant prices at 2014 USD exchange rates","H","Hourly","2013","2013","USD","US Dollar","0","units",,,9.3400002,,
"CAN","Canada","EXR","In 2014 constant prices at 2014 USD exchange rates","H","Hourly","2014","2014","USD","US Dollar","0","units",,,9.3999996,,
"GRC","Greece","EXR","In 2014 constant prices at 2014 USD exchange rates","H","Hourly","2010","2010","USD","US Dollar","0","units",,,5.6199999,,
"GRC","Greece","EXR","In 2014 constant prices at 2014 USD exchange rates","H","Hourly","2011","2011","USD","US Dollar","0","units",,,5.48,,
"GRC","Greece","EXR","In 2014 constant prices at 2014 USD exchange rates","H","Hourly","2012","2012","USD","US Dollar","0","units",,,4.3899999,,
"GRC","Greece","EXR","In 2014 constant prices at 2014 USD exchange rates","H","Hourly","2013","2013","USD","US Dollar","0","units",,,4.2800002,,
"GRC","Greece","EXR","In 2014 constant prices at 2014 USD exchange rates","H","Hourly","2014","2014","USD","US Dollar","0","units",,,4.3400002,,
"FRA","France","EXR","In 2014 constant prices at 2014 USD exchange rates","H","Hourly","2010","2010","USD","US Dollar","0","units",,,12.38,,
"FRA","France","EXR","In 2014 constant prices at 2014 USD exchange rates","H","Hourly","2011","2011","USD","US Dollar","0","units",,,12.37,,
"FRA","France","EXR","In 2014 constant prices at 2014 USD exchange rates","H","Hourly","2012","2012","USD","US Dollar","0","units",,,12.52,,
"FRA","France","EXR","In 2014 constant prices at 2014 USD exchange rates","H","Hourly","2013","2013","USD","US Dollar","0","units",,,12.58,,
"FRA","France","EXR","In 2014 constant prices at 2014 USD exchange rates","H","Hourly","2014","2014","USD","US Dollar","0","units",,,12.64,,
"NLD","Netherlands","PPP","In 2014 constant prices at 2014 USD PPPs","H","Hourly","2010","2010","USD","US Dollar","0","units",,,10.7,,
"NLD","Netherlands","PPP","In 2014 constant prices at 2014 USD PPPs","H","Hourly","2011","2011","USD","US Dollar","0","units",,,10.5,,
"NLD","Netherlands","PPP","In 2014 constant prices at 2014 USD PPPs","H","Hourly","2012","2012","USD","US Dollar","0","units",,,10.5,,
"NLD","Netherlands","PPP","In 2014 constant prices at 2014 USD PPPs","H","Hourly","2013","2013","USD","US Dollar","0","units",,,10.3,,
"NLD","Netherlands","PPP","In 2014 constant prices at 2014 USD PPPs","H","Hourly","2014","2014","USD","US Dollar","0","units",,,10.4,,
"USA","United States","EXR","In 2014 constant prices at 2014 USD exchange rates","A","Annual","2010","2010","USD","US Dollar","0","units",,,16372,,
"USA","United States","EXR","In 2014 constant prices at 2014 USD exchange rates","A","Annual","2011","2011","USD","US Dollar","0","units",,,15871,,
"USA","United States","EXR","In 2014 constant prices at 2014 USD exchange rates","A","Annual","2012","2012","USD","US Dollar","0","units",,,15550,,
"USA","United States","EXR","In 2014 constant prices at 2014 USD exchange rates","A","Annual","2013","2013","USD","US Dollar","0","units",,,15326,,
"USA","United States","EXR","In 2014 constant prices at 2014 USD exchange rates","A","Annual","2014","2014","USD","US Dollar","0","units",,,15080,,
"HUN","Hungary","PPP","In 2014 constant prices at 2014 USD PPPs","A","Annual","2010","2010","USD","US Dollar","0","units",,,7447,,
"HUN","Hungary","PPP","In 2014 constant prices at 2014 USD PPPs","A","Annual","2011","2011","USD","US Dollar","0","units",,,7604,,
"HUN","Hungary","PPP","In 2014 constant prices at 2014 USD PPPs","A","Annual","2012","2012","USD","US Dollar","0","units",,,8582,,
"HUN","Hungary","PPP","In 2014 constant prices at 2014 USD PPPs","A","Annual","2013","2013","USD","US Dollar","0","units",,,8888,,
"HUN","Hungary","PPP","In 2014 constant prices at 2014 USD PPPs","A","Annual","2014","2014","USD","US Dollar","0","units",,,9227,,
"CAN","Canada","PPP","In 2014 constant prices at 2014 USD PPPs","H","Hourly","2010","2010","USD","US Dollar","0","units",,,8,,
"CAN","Canada","PPP","In 2014 constant prices at 2014 USD PPPs","H","Hourly","2011","2011","USD","US Dollar","0","units",,,8,,
"CAN","Canada","PPP","In 2014 constant prices at 2014 USD PPPs","H","Hourly","2012","2012","USD","US Dollar","0","units",,,8.1000004,,
"CAN","Canada","PPP","In 2014 constant prices at 2014 USD PPPs","H","Hourly","2013","2013","USD","US Dollar","0","units",,,8.1999998,,
"CAN","Canada","PPP","In 2014 constant prices at 2014 USD PPPs","H","Hourly","2014","2014","USD","US Dollar","0","units",,,8.1999998,,
"POL","Poland","EXR","In 2014 constant prices at 2014 USD exchange rates","H","Hourly","2010","2010","USD","US Dollar","0","units",,,2.6199999,,
"POL","Poland","EXR","In 2014 constant prices at 2014 USD exchange rates","H","Hourly","2011","2011","USD","US Dollar","0","units",,,2.6500001,,
"POL","Poland","EXR","In 2014 constant prices at 2014 USD exchange rates","H","Hourly","2012","2012","USD","US Dollar","0","units",,,2.76,,
"POL","Poland","EXR","In 2014 constant prices at 2014 USD exchange rates","H","Hourly","2013","2013","USD","US Dollar","0","units",,,2.9200001,,
"POL","Poland","EXR","In 2014 constant prices at 2014 USD exchange rates","H","Hourly","2014","2014","USD","US Dollar","0","units",,,3.0599999,,
"JPN","Japan","PPP","In 2014 constant prices at 2014 USD PPPs","A","Annual","2010","2010","USD","US Dollar","0","units",,,14567,,
"JPN","Japan","PPP","In 2014 constant prices at 2014 USD PPPs","A","Annual","2011","2011","USD","US Dollar","0","units",,,14904,,
"JPN","Japan","PPP","In 2014 constant prices at 2014 USD PPPs","A","Annual","2012","2012","USD","US Dollar","0","units",,,15078,,
"JPN","Japan","PPP","In 2014 constant prices at 2014 USD PPPs","A","Annual","2013","2013","USD","US Dollar","0","units",,,15282,,
"JPN","Japan","PPP","In 2014 constant prices at 2014 USD PPPs","A","Annual","2014","2014","USD","US Dollar","0","units",,,15175,,
"CAN","Canada","EXR","In 2014 constant prices at 2014 USD exchange rates","A","Annual","2010","2010","USD","US Dollar","0","units",,,18894,,
"CAN","Canada","EXR","In 2014 constant prices at 2014 USD exchange rates","A","Annual","2011","2011","USD","US Dollar","0","units",,,18949,,
"CAN","Canada","EXR","In 2014 constant prices at 2014 USD exchange rates","A","Annual","2012","2012","USD","US Dollar","0","units",,,19304,,
"CAN","Canada","EXR","In 2014 constant prices at 2014 USD exchange rates","A","Annual","2013","2013","USD","US Dollar","0","units",,,19431,,
"CAN","Canada","EXR","In 2014 constant prices at 2014 USD exchange rates","A","Annual","2014","2014","USD","US Dollar","0","units",,,19557,,
"IRL","Ireland","EXR","In 2014 constant prices at 2014 USD exchange rates","A","Annual","2010","2010","USD","US Dollar","0","units",,,25083,,
"IRL","Ireland","EXR","In 2014 constant prices at 2014 USD exchange rates","A","Annual","2011","2011","USD","US Dollar","0","units",,,24450,,
"IRL","Ireland","EXR","In 2014 constant prices at 2014 USD exchange rates","A","Annual","2012","2012","USD","US Dollar","0","units",,,24040,,
"IRL","Ireland","EXR","In 2014 constant prices at 2014 USD exchange rates","A","Annual","2013","2013","USD","US Dollar","0","units",,,23918,,
"IRL","Ireland","EXR","In 2014 constant prices at 2014 USD exchange rates","A","Annual","2014","2014","USD","US Dollar","0","units",,,23871,,
"AUS","Australia","PPP","In 2014 constant prices at 2014 USD PPPs","A","Annual","2010","2010","USD","US Dollar","0","units",,,20815,,
"AUS","Australia","PPP","In 2014 constant prices at 2014 USD PPPs","A","Annual","2011","2011","USD","US Dollar","0","units",,,20973,,
"AUS","Australia","PPP","In 2014 constant prices at 2014 USD PPPs","A","Annual","2012","2012","USD","US Dollar","0","units",,,21259,,
"AUS","Australia","PPP","In 2014 constant prices at 2014 USD PPPs","A","Annual","2013","2013","USD","US Dollar","0","units",,,21321,,
"AUS","Australia","PPP","In 2014 constant prices at 2014 USD PPPs","A","Annual","2014","2014","USD","US Dollar","0","units",,,21387,,
"MEX","Mexico","EXR","In 2014 constant prices at 2014 USD exchange rates","A","Annual","2010","2010","USD","US Dollar","0","units",,,1268,,
"MEX","Mexico","EXR","In 2014 constant prices at 2014 USD exchange rates","A","Annual","2011","2011","USD","US Dollar","0","units",,,1277,,
"MEX","Mexico","EXR","In 2014 constant prices at 2014 USD exchange rates","A","Annual","2012","2012","USD","US Dollar","0","units",,,1279,,
"MEX","Mexico","EXR","In 2014 constant prices at 2014 USD exchange rates","A","Annual","2013","2013","USD","US Dollar","0","units",,,1284,,
"MEX","Mexico","EXR","In 2014 constant prices at 2014 USD exchange rates","A","Annual","2014","2014","USD","US Dollar","0","units",,,1283,,
"ESP","Spain","EXR","In 2014 constant prices at 2014 USD exchange rates","H","Hourly","2010","2010","USD","US Dollar","0","units",,,5.1700001,,
"ESP","Spain","EXR","In 2014 constant prices at 2014 USD exchange rates","H","Hourly","2011","2011","USD","US Dollar","0","units",,,5.0799999,,
"ESP","Spain","EXR","In 2014 constant prices at 2014 USD exchange rates","H","Hourly","2012","2012","USD","US Dollar","0","units",,,4.96,,
"ESP","Spain","EXR","In 2014 constant prices at 2014 USD exchange rates","H","Hourly","2013","2013","USD","US Dollar","0","units",,,4.9200001,,
"ESP","Spain","EXR","In 2014 constant prices at 2014 USD exchange rates","H","Hourly","2014","2014","USD","US Dollar","0","units",,,4.9299998,,
"TUR","Turkey","PPP","In 2014 constant prices at 2014 USD PPPs","H","Hourly","2010","2010","USD","US Dollar","0","units",,,4.8000002,,
"TUR","Turkey","PPP","In 2014 constant prices at 2014 USD PPPs","H","Hourly","2011","2011","USD","US Dollar","0","units",,,5,,
"TUR","Turkey","PPP","In 2014 constant prices at 2014 USD PPPs","H","Hourly","2012","2012","USD","US Dollar","0","units",,,5.0999999,,
"TUR","Turkey","PPP","In 2014 constant prices at 2014 USD PPPs","H","Hourly","2013","2013","USD","US Dollar","0","units",,,5.1999998,,
"TUR","Turkey","PPP","In 2014 constant prices at 2014 USD PPPs","H","Hourly","2014","2014","USD","US Dollar","0","units",,,5.3000002,,
"NZL","New Zealand","PPP","In 2014 constant prices at 2014 USD PPPs","A","Annual","2010","2010","USD","US Dollar","0","units",,,19337,,
"NZL","New Zealand","PPP","In 2014 constant prices at 2014 USD PPPs","A","Annual","2011","2011","USD","US Dollar","0","units",,,18955,,
"NZL","New Zealand","PPP","In 2014 constant prices at 2014 USD PPPs","A","Annual","2012","2012","USD","US Dollar","0","units",,,19390,,
"NZL","New Zealand","PPP","In 2014 constant prices at 2014 USD PPPs","A","Annual","2013","2013","USD","US Dollar","0","units",,,19621,,
"NZL","New Zealand","PPP","In 2014 constant prices at 2014 USD PPPs","A","Annual","2014","2014","USD","US Dollar","0","units",,,20002,,
"TUR","Turkey","EXR","In 2014 constant prices at 2014 USD exchange rates","A","Annual","2010","2010","USD","US Dollar","0","units",,,5540,,
"TUR","Turkey","EXR","In 2014 constant prices at 2014 USD exchange rates","A","Annual","2011","2011","USD","US Dollar","0","units",,,5706,,
"TUR","Turkey","EXR","In 2014 constant prices at 2014 USD exchange rates","A","Annual","2012","2012","USD","US Dollar","0","units",,,5861,,
"TUR","Turkey","EXR","In 2014 constant prices at 2014 USD exchange rates","A","Annual","2013","2013","USD","US Dollar","0","units",,,5969,,
"TUR","Turkey","EXR","In 2014 constant prices at 2014 USD exchange rates","A","Annual","2014","2014","USD","US Dollar","0","units",,,6045,,
"GBR","United Kingdom","PPP","In 2014 constant prices at 2014 USD PPPs","A","Annual","2010","2010","USD","US Dollar","0","units",,,19152,,
"GBR","United Kingdom","PPP","In 2014 constant prices at 2014 USD PPPs","A","Annual","2011","2011","USD","US Dollar","0","units",,,18754,,
"GBR","United Kingdom","PPP","In 2014 constant prices at 2014 USD PPPs","A","Annual","2012","2012","USD","US Dollar","0","units",,,18668,,
"GBR","United Kingdom","PPP","In 2014 constant prices at 2014 USD PPPs","A","Annual","2013","2013","USD","US Dollar","0","units",,,18537,,
"GBR","United Kingdom","PPP","In 2014 constant prices at 2014 USD PPPs","A","Annual","2014","2014","USD","US Dollar","0","units",,,18674,,
"GRC","Greece","PPP","In 2014 constant prices at 2014 USD PPPs","A","Annual","2010","2010","USD","US Dollar","0","units",,,14107,,
"GRC","Greece","PPP","In 2014 constant prices at 2014 USD PPPs","A","Annual","2011","2011","USD","US Dollar","0","units",,,13762,,
"GRC","Greece","PPP","In 2014 constant prices at 2014 USD PPPs","A","Annual","2012","2012","USD","US Dollar","0","units",,,11021,,
"GRC","Greece","PPP","In 2014 constant prices at 2014 USD PPPs","A","Annual","2013","2013","USD","US Dollar","0","units",,,10757,,
"GRC","Greece","PPP","In 2014 constant prices at 2014 USD PPPs","A","Annual","2014","2014","USD","US Dollar","0","units",,,10900,,
"MEX","Mexico","PPP","In 2014 constant prices at 2014 USD PPPs","H","Hourly","2010","2010","USD","US Dollar","0","units",,,1,,
"MEX","Mexico","PPP","In 2014 constant prices at 2014 USD PPPs","H","Hourly","2011","2011","USD","US Dollar","0","units",,,1,,
"MEX","Mexico","PPP","In 2014 constant prices at 2014 USD PPPs","H","Hourly","2012","2012","USD","US Dollar","0","units",,,1,,
"MEX","Mexico","PPP","In 2014 constant prices at 2014 USD PPPs","H","Hourly","2013","2013","USD","US Dollar","0","units",,,1,,
"MEX","Mexico","PPP","In 2014 constant prices at 2014 USD PPPs","H","Hourly","2014","2014","USD","US Dollar","0","units",,,1,,
"SVN","Slovenia","PPP","In 2014 constant prices at 2014 USD PPPs","A","Annual","2010","2010","USD","US Dollar","0","units",,,15060,,
"SVN","Slovenia","PPP","In 2014 constant prices at 2014 USD PPPs","A","Annual","2011","2011","USD","US Dollar","0","units",,,15508,,
"SVN","Slovenia","PPP","In 2014 constant prices at 2014 USD PPPs","A","Annual","2012","2012","USD","US Dollar","0","units",,,15464,,
"SVN","Slovenia","PPP","In 2014 constant prices at 2014 USD PPPs","A","Annual","2013","2013","USD","US Dollar","0","units",,,15609,,
"SVN","Slovenia","PPP","In 2014 constant prices at 2014 USD PPPs","A","Annual","2014","2014","USD","US Dollar","0","units",,,15677,,
"SVK","Slovak Republic","PPP","In 2014 constant prices at 2014 USD PPPs","H","Hourly","2010","2010","USD","US Dollar","0","units",,,3.5,,
"SVK","Slovak Republic","PPP","In 2014 constant prices at 2014 USD PPPs","H","Hourly","2011","2011","USD","US Dollar","0","units",,,3.5999999,,
"SVK","Slovak Republic","PPP","In 2014 constant prices at 2014 USD PPPs","H","Hourly","2012","2012","USD","US Dollar","0","units",,,3.7,,
"SVK","Slovak Republic","PPP","In 2014 constant prices at 2014 USD PPPs","H","Hourly","2013","2013","USD","US Dollar","0","units",,,3.7,,
"SVK","Slovak Republic","PPP","In 2014 constant prices at 2014 USD PPPs","H","Hourly","2014","2014","USD","US Dollar","0","units",,,3.7,,
"EST","Estonia","EXR","In 2014 constant prices at 2014 USD exchange rates","H","Hourly","2010","2010","USD","US Dollar","0","units",,,2.3800001,,
"EST","Estonia","EXR","In 2014 constant prices at 2014 USD exchange rates","H","Hourly","2011","2011","USD","US Dollar","0","units",,,2.26,,
"EST","Estonia","EXR","In 2014 constant prices at 2014 USD exchange rates","H","Hourly","2012","2012","USD","US Dollar","0","units",,,2.27,,
"EST","Estonia","EXR","In 2014 constant prices at 2014 USD exchange rates","H","Hourly","2013","2013","USD","US Dollar","0","units",,,2.4400001,,
"EST","Estonia","EXR","In 2014 constant prices at 2014 USD exchange rates","H","Hourly","2014","2014","USD","US Dollar","0","units",,,2.71,,
"KOR","Korea","PPP","In 2014 constant prices at 2014 USD PPPs","A","Annual","2010","2010","USD","US Dollar","0","units",,,14180,,
"KOR","Korea","PPP","In 2014 constant prices at 2014 USD PPPs","A","Annual","2011","2011","USD","US Dollar","0","units",,,14327,,
"KOR","Korea","PPP","In 2014 constant prices at 2014 USD PPPs","A","Annual","2012","2012","USD","US Dollar","0","units",,,13747,,
"KOR","Korea","PPP","In 2014 constant prices at 2014 USD PPPs","A","Annual","2013","2013","USD","US Dollar","0","units",,,14401,,
"KOR","Korea","PPP","In 2014 constant prices at 2014 USD PPPs","A","Annual","2014","2014","USD","US Dollar","0","units",,,15242,,
"ISR","Israel","EXR","In 2014 constant prices at 2014 USD exchange rates","A","Annual","2010","2010","USD","US Dollar","0","units",,,13863,,
"ISR","Israel","EXR","In 2014 constant prices at 2014 USD exchange rates","A","Annual","2011","2011","USD","US Dollar","0","units",,,13869,,
"ISR","Israel","EXR","In 2014 constant prices at 2014 USD exchange rates","A","Annual","2012","2012","USD","US Dollar","0","units",,,14202,,
"ISR","Israel","EXR","In 2014 constant prices at 2014 USD exchange rates","A","Annual","2013","2013","USD","US Dollar","0","units",,,14489,,
"ISR","Israel","EXR","In 2014 constant prices at 2014 USD exchange rates","A","Annual","2014","2014","USD","US Dollar","0","units",,,14422,,
"ISR","Israel","PPP","In 2014 constant prices at 2014 USD PPPs","H","Hourly","2010","2010","USD","US Dollar","0","units",,,5.5,,
"ISR","Israel","PPP","In 2014 constant prices at 2014 USD PPPs","H","Hourly","2011","2011","USD","US Dollar","0","units",,,5.5999999,,
"ISR","Israel","PPP","In 2014 constant prices at 2014 USD PPPs","H","Hourly","2012","2012","USD","US Dollar","0","units",,,5.6999998,,
"ISR","Israel","PPP","In 2014 constant prices at 2014 USD PPPs","H","Hourly","2013","2013","USD","US Dollar","0","units",,,5.8000002,,
"ISR","Israel","PPP","In 2014 constant prices at 2014 USD PPPs","H","Hourly","2014","2014","USD","US Dollar","0","units",,,5.8000002,,
"BEL","Belgium","EXR","In 2014 constant prices at 2014 USD exchange rates","H","Hourly","2010","2010","USD","US Dollar","0","units",,,11.96,,
"BEL","Belgium","EXR","In 2014 constant prices at 2014 USD exchange rates","H","Hourly","2011","2011","USD","US Dollar","0","units",,,11.86,,
"BEL","Belgium","EXR","In 2014 constant prices at 2014 USD exchange rates","H","Hourly","2012","2012","USD","US Dollar","0","units",,,11.84,,
"BEL","Belgium","EXR","In 2014 constant prices at 2014 USD exchange rates","H","Hourly","2013","2013","USD","US Dollar","0","units",,,11.94,,
"BEL","Belgium","EXR","In 2014 constant prices at 2014 USD exchange rates","H","Hourly","2014","2014","USD","US Dollar","0","units",,,11.9,,
"SVK","Slovak Republic","EXR","In 2014 constant prices at 2014 USD exchange rates","A","Annual","2010","2010","USD","US Dollar","0","units",,,5344,,
"SVK","Slovak Republic","EXR","In 2014 constant prices at 2014 USD exchange rates","A","Annual","2011","2011","USD","US Dollar","0","units",,,5298,,
"SVK","Slovak Republic","EXR","In 2014 constant prices at 2014 USD exchange rates","A","Annual","2012","2012","USD","US Dollar","0","units",,,5278,,
"SVK","Slovak Republic","EXR","In 2014 constant prices at 2014 USD exchange rates","A","Annual","2013","2013","USD","US Dollar","0","units",,,5373,,
"SVK","Slovak Republic","EXR","In 2014 constant prices at 2014 USD exchange rates","A","Annual","2014","2014","USD","US Dollar","0","units",,,5604,,
"CHL","Chile","PPP","In 2014 constant prices at 2014 USD PPPs","A","Annual","2010","2010","USD","US Dollar","0","units",,,6187,,
"CHL","Chile","PPP","In 2014 constant prices at 2014 USD PPPs","A","Annual","2011","2011","USD","US Dollar","0","units",,,6289,,
"CHL","Chile","PPP","In 2014 constant prices at 2014 USD PPPs","A","Annual","2012","2012","USD","US Dollar","0","units",,,6468,,
"CHL","Chile","PPP","In 2014 constant prices at 2014 USD PPPs","A","Annual","2013","2013","USD","US Dollar","0","units",,,6828,,
"CHL","Chile","PPP","In 2014 constant prices at 2014 USD PPPs","A","Annual","2014","2014","USD","US Dollar","0","units",,,6998,,
"IRL","Ireland","PPP","In 2014 constant prices at 2014 USD PPPs","H","Hourly","2010","2010","USD","US Dollar","0","units",,,10.8,,
"IRL","Ireland","PPP","In 2014 constant prices at 2014 USD PPPs","H","Hourly","2011","2011","USD","US Dollar","0","units",,,10.5,,
"IRL","Ireland","PPP","In 2014 constant prices at 2014 USD PPPs","H","Hourly","2012","2012","USD","US Dollar","0","units",,,10.4,,
"IRL","Ireland","PPP","In 2014 constant prices at 2014 USD PPPs","H","Hourly","2013","2013","USD","US Dollar","0","units",,,10.3,,
"IRL","Ireland","PPP","In 2014 constant prices at 2014 USD PPPs","H","Hourly","2014","2014","USD","US Dollar","0","units",,,10.3,,
"AUS","Australia","PPP","In 2014 constant prices at 2014 USD PPPs","H","Hourly","2010","2010","USD","US Dollar","0","units",,,10.5,,
"AUS","Australia","PPP","In 2014 constant prices at 2014 USD PPPs","H","Hourly","2011","2011","USD","US Dollar","0","units",,,10.6,,
"AUS","Australia","PPP","In 2014 constant prices at 2014 USD PPPs","H","Hourly","2012","2012","USD","US Dollar","0","units",,,10.8,,
"AUS","Australia","PPP","In 2014 constant prices at 2014 USD PPPs","H","Hourly","2013","2013","USD","US Dollar","0","units",,,10.8,,
"AUS","Australia","PPP","In 2014 constant prices at 2014 USD PPPs","H","Hourly","2014","2014","USD","US Dollar","0","units",,,10.8,,
"JPN","Japan","EXR","In 2014 constant prices at 2014 USD exchange rates","H","Hourly","2010","2010","USD","US Dollar","0","units",,,6.9200001,,
"JPN","Japan","EXR","In 2014 constant prices at 2014 USD exchange rates","H","Hourly","2011","2011","USD","US Dollar","0","units",,,7.0999999,,
"JPN","Japan","EXR","In 2014 constant prices at 2014 USD exchange rates","H","Hourly","2012","2012","USD","US Dollar","0","units",,,7.1700001,,
"JPN","Japan","EXR","In 2014 constant prices at 2014 USD exchange rates","H","Hourly","2013","2013","USD","US Dollar","0","units",,,7.2600002,,
"JPN","Japan","EXR","In 2014 constant prices at 2014 USD exchange rates","H","Hourly","2014","2014","USD","US Dollar","0","units",,,7.21,,
"TUR","Turkey","PPP","In 2014 constant prices at 2014 USD PPPs","A","Annual","2010","2010","USD","US Dollar","0","units",,,10115,,
"TUR","Turkey","PPP","In 2014 constant prices at 2014 USD PPPs","A","Annual","2011","2011","USD","US Dollar","0","units",,,10419,,
"TUR","Turkey","PPP","In 2014 constant prices at 2014 USD PPPs","A","Annual","2012","2012","USD","US Dollar","0","units",,,10701,,
"TUR","Turkey","PPP","In 2014 constant prices at 2014 USD PPPs","A","Annual","2013","2013","USD","US Dollar","0","units",,,10898,,
"TUR","Turkey","PPP","In 2014 constant prices at 2014 USD PPPs","A","Annual","2014","2014","USD","US Dollar","0","units",,,11038,,
"HUN","Hungary","EXR","In 2014 constant prices at 2014 USD exchange rates","H","Hourly","2010","2010","USD","US Dollar","0","units",,,2.03,,
"HUN","Hungary","EXR","In 2014 constant prices at 2014 USD exchange rates","H","Hourly","2011","2011","USD","US Dollar","0","units",,,2.0799999,,
"HUN","Hungary","EXR","In 2014 constant prices at 2014 USD exchange rates","H","Hourly","2012","2012","USD","US Dollar","0","units",,,2.3399999,,
"HUN","Hungary","EXR","In 2014 constant prices at 2014 USD exchange rates","H","Hourly","2013","2013","USD","US Dollar","0","units",,,2.4300001,,
"HUN","Hungary","EXR","In 2014 constant prices at 2014 USD exchange rates","H","Hourly","2014","2014","USD","US Dollar","0","units",,,2.52,,
"BEL","Belgium","EXR","In 2014 constant prices at 2014 USD exchange rates","A","Annual","2010","2010","USD","US Dollar","0","units",,,24941,,
"BEL","Belgium","EXR","In 2014 constant prices at 2014 USD exchange rates","A","Annual","2011","2011","USD","US Dollar","0","units",,,24735,,
"BEL","Belgium","EXR","In 2014 constant prices at 2014 USD exchange rates","A","Annual","2012","2012","USD","US Dollar","0","units",,,24695,,
"BEL","Belgium","EXR","In 2014 constant prices at 2014 USD exchange rates","A","Annual","2013","2013","USD","US Dollar","0","units",,,24910,,
"BEL","Belgium","EXR","In 2014 constant prices at 2014 USD exchange rates","A","Annual","2014","2014","USD","US Dollar","0","units",,,24827,,
"GRC","Greece","PPP","In 2014 constant prices at 2014 USD PPPs","H","Hourly","2010","2010","USD","US Dollar","0","units",,,6.8000002,,
"GRC","Greece","PPP","In 2014 constant prices at 2014 USD PPPs","H","Hourly","2011","2011","USD","US Dollar","0","units",,,6.5999999,,
"GRC","Greece","PPP","In 2014 constant prices at 2014 USD PPPs","H","Hourly","2012","2012","USD","US Dollar","0","units",,,5.3000002,,
"GRC","Greece","PPP","In 2014 constant prices at 2014 USD PPPs","H","Hourly","2013","2013","USD","US Dollar","0","units",,,5.1999998,,
"GRC","Greece","PPP","In 2014 constant prices at 2014 USD PPPs","H","Hourly","2014","2014","USD","US Dollar","0","units",,,5.1999998,,
"GBR","United Kingdom","EXR","In 2014 constant prices at 2014 USD exchange rates","H","Hourly","2010","2010","USD","US Dollar","0","units",,,10.72,,
"GBR","United Kingdom","EXR","In 2014 constant prices at 2014 USD exchange rates","H","Hourly","2011","2011","USD","US Dollar","0","units",,,10.51,,
"GBR","United Kingdom","EXR","In 2014 constant prices at 2014 USD exchange rates","H","Hourly","2012","2012","USD","US Dollar","0","units",,,10.46,,
"GBR","United Kingdom","EXR","In 2014 constant prices at 2014 USD exchange rates","H","Hourly","2013","2013","USD","US Dollar","0","units",,,10.38,,
"GBR","United Kingdom","EXR","In 2014 constant prices at 2014 USD exchange rates","H","Hourly","2014","2014","USD","US Dollar","0","units",,,10.47,,
"ISR","Israel","EXR","In 2014 constant prices at 2014 USD exchange rates","H","Hourly","2010","2010","USD","US Dollar","0","units",,,6.21,,
"ISR","Israel","EXR","In 2014 constant prices at 2014 USD exchange rates","H","Hourly","2011","2011","USD","US Dollar","0","units",,,6.2199998,,
"ISR","Israel","EXR","In 2014 constant prices at 2014 USD exchange rates","H","Hourly","2012","2012","USD","US Dollar","0","units",,,6.3600001,,
"ISR","Israel","EXR","In 2014 constant prices at 2014 USD exchange rates","H","Hourly","2013","2013","USD","US Dollar","0","units",,,6.4899998,,
"ISR","Israel","EXR","In 2014 constant prices at 2014 USD exchange rates","H","Hourly","2014","2014","USD","US Dollar","0","units",,,6.46,,
"SVK","Slovak Republic","PPP","In 2014 constant prices at 2014 USD PPPs","A","Annual","2010","2010","USD","US Dollar","0","units",,,8005,,
"SVK","Slovak Republic","PPP","In 2014 constant prices at 2014 USD PPPs","A","Annual","2011","2011","USD","US Dollar","0","units",,,7935,,
"SVK","Slovak Republic","PPP","In 2014 constant prices at 2014 USD PPPs","A","Annual","2012","2012","USD","US Dollar","0","units",,,7906,,
"SVK","Slovak Republic","PPP","In 2014 constant prices at 2014 USD PPPs","A","Annual","2013","2013","USD","US Dollar","0","units",,,8047,,
"SVK","Slovak Republic","PPP","In 2014 constant prices at 2014 USD PPPs","A","Annual","2014","2014","USD","US Dollar","0","units",,,8394,,
"BEL","Belgium","PPP","In 2014 constant prices at 2014 USD PPPs","H","Hourly","2010","2010","USD","US Dollar","0","units",,,10.8,,
"BEL","Belgium","PPP","In 2014 constant prices at 2014 USD PPPs","H","Hourly","2011","2011","USD","US Dollar","0","units",,,10.7,,
"BEL","Belgium","PPP","In 2014 constant prices at 2014 USD PPPs","H","Hourly","2012","2012","USD","US Dollar","0","units",,,10.6,,
"BEL","Belgium","PPP","In 2014 constant prices at 2014 USD PPPs","H","Hourly","2013","2013","USD","US Dollar","0","units",,,10.7,,
"BEL","Belgium","PPP","In 2014 constant prices at 2014 USD PPPs","H","Hourly","2014","2014","USD","US Dollar","0","units",,,10.7,,
"NLD","Netherlands","PPP","In 2014 constant prices at 2014 USD PPPs","A","Annual","2010","2010","USD","US Dollar","0","units",,,24069,,
"NLD","Netherlands","PPP","In 2014 constant prices at 2014 USD PPPs","A","Annual","2011","2011","USD","US Dollar","0","units",,,23685,,
"NLD","Netherlands","PPP","In 2014 constant prices at 2014 USD PPPs","A","Annual","2012","2012","USD","US Dollar","0","units",,,23599,,
"NLD","Netherlands","PPP","In 2014 constant prices at 2014 USD PPPs","A","Annual","2013","2013","USD","US Dollar","0","units",,,23306,,
"NLD","Netherlands","PPP","In 2014 constant prices at 2014 USD PPPs","A","Annual","2014","2014","USD","US Dollar","0","units",,,23412,,
"ESP","Spain","PPP","In 2014 constant prices at 2014 USD PPPs","A","Annual","2010","2010","USD","US Dollar","0","units",,,14049,,
"ESP","Spain","PPP","In 2014 constant prices at 2014 USD PPPs","A","Annual","2011","2011","USD","US Dollar","0","units",,,13790,,
"ESP","Spain","PPP","In 2014 constant prices at 2014 USD PPPs","A","Annual","2012","2012","USD","US Dollar","0","units",,,13461,,
"ESP","Spain","PPP","In 2014 constant prices at 2014 USD PPPs","A","Annual","2013","2013","USD","US Dollar","0","units",,,13352,,
"ESP","Spain","PPP","In 2014 constant prices at 2014 USD PPPs","A","Annual","2014","2014","USD","US Dollar","0","units",,,13374,,
"NZL","New Zealand","EXR","In 2014 constant prices at 2014 USD exchange rates","H","Hourly","2010","2010","USD","US Dollar","0","units",,,11.33,,
"NZL","New Zealand","EXR","In 2014 constant prices at 2014 USD exchange rates","H","Hourly","2011","2011","USD","US Dollar","0","units",,,11.11,,
"NZL","New Zealand","EXR","In 2014 constant prices at 2014 USD exchange rates","H","Hourly","2012","2012","USD","US Dollar","0","units",,,11.36,,
"NZL","New Zealand","EXR","In 2014 constant prices at 2014 USD exchange rates","H","Hourly","2013","2013","USD","US Dollar","0","units",,,11.5,,
"NZL","New Zealand","EXR","In 2014 constant prices at 2014 USD exchange rates","H","Hourly","2014","2014","USD","US Dollar","0","units",,,11.66,,
"KOR","Korea","EXR","In 2014 constant prices at 2014 USD exchange rates","H","Hourly","2010","2010","USD","US Dollar","0","units",,,4.2600002,,
"KOR","Korea","EXR","In 2014 constant prices at 2014 USD exchange rates","H","Hourly","2011","2011","USD","US Dollar","0","units",,,4.3000002,,
"KOR","Korea","EXR","In 2014 constant prices at 2014 USD exchange rates","H","Hourly","2012","2012","USD","US Dollar","0","units",,,4.46,,
"KOR","Korea","EXR","In 2014 constant prices at 2014 USD exchange rates","H","Hourly","2013","2013","USD","US Dollar","0","units",,,4.6700001,,
"KOR","Korea","EXR","In 2014 constant prices at 2014 USD exchange rates","H","Hourly","2014","2014","USD","US Dollar","0","units",,,4.9499998,,
"SVN","Slovenia","EXR","In 2014 constant prices at 2014 USD exchange rates","H","Hourly","2010","2010","USD","US Dollar","0","units",,,5.7800002,,
"SVN","Slovenia","EXR","In 2014 constant prices at 2014 USD exchange rates","H","Hourly","2011","2011","USD","US Dollar","0","units",,,5.96,,
"SVN","Slovenia","EXR","In 2014 constant prices at 2014 USD exchange rates","H","Hourly","2012","2012","USD","US Dollar","0","units",,,5.9400001,,
"SVN","Slovenia","EXR","In 2014 constant prices at 2014 USD exchange rates","H","Hourly","2013","2013","USD","US Dollar","0","units",,,5.9899998,,
"SVN","Slovenia","EXR","In 2014 constant prices at 2014 USD exchange rates","H","Hourly","2014","2014","USD","US Dollar","0","units",,,6.02,,
"LUX","Luxembourg","EXR","In 2014 constant prices at 2014 USD exchange rates","H","Hourly","2010","2010","USD","US Dollar","0","units",,,14.2,,
"LUX","Luxembourg","EXR","In 2014 constant prices at 2014 USD exchange rates","H","Hourly","2011","2011","USD","US Dollar","0","units",,,14.25,,
"LUX","Luxembourg","EXR","In 2014 constant prices at 2014 USD exchange rates","H","Hourly","2012","2012","USD","US Dollar","0","units",,,14.24,,
"LUX","Luxembourg","EXR","In 2014 constant prices at 2014 USD exchange rates","H","Hourly","2013","2013","USD","US Dollar","0","units",,,14.39,,
"LUX","Luxembourg","EXR","In 2014 constant prices at 2014 USD exchange rates","H","Hourly","2014","2014","USD","US Dollar","0","units",,,14.75,,
"PRT","Portugal","PPP","In 2014 constant prices at 2014 USD PPPs","H","Hourly","2010","2010","USD","US Dollar","0","units",,,5,,
"PRT","Portugal","PPP","In 2014 constant prices at 2014 USD PPPs","H","Hourly","2011","2011","USD","US Dollar","0","units",,,4.9000001,,
"PRT","Portugal","PPP","In 2014 constant prices at 2014 USD PPPs","H","Hourly","2012","2012","USD","US Dollar","0","units",,,4.6999998,,
"PRT","Portugal","PPP","In 2014 constant prices at 2014 USD PPPs","H","Hourly","2013","2013","USD","US Dollar","0","units",,,4.6999998,,
"PRT","Portugal","PPP","In 2014 constant prices at 2014 USD PPPs","H","Hourly","2014","2014","USD","US Dollar","0","units",,,4.8000002,,
"CHL","Chile","EXR","In 2014 constant prices at 2014 USD exchange rates","H","Hourly","2010","2010","USD","US Dollar","0","units",,,1.9299999,,
"CHL","Chile","EXR","In 2014 constant prices at 2014 USD exchange rates","H","Hourly","2011","2011","USD","US Dollar","0","units",,,1.96,,
"CHL","Chile","EXR","In 2014 constant prices at 2014 USD exchange rates","H","Hourly","2012","2012","USD","US Dollar","0","units",,,2.02,,
"CHL","Chile","EXR","In 2014 constant prices at 2014 USD exchange rates","H","Hourly","2013","2013","USD","US Dollar","0","units",,,2.1300001,,
"CHL","Chile","EXR","In 2014 constant prices at 2014 USD exchange rates","H","Hourly","2014","2014","USD","US Dollar","0","units",,,2.1800001,,
"CZE","Czech Republic","PPP","In 2014 constant prices at 2014 USD PPPs","A","Annual","2010","2010","USD","US Dollar","0","units",,,7716,,
"CZE","Czech Republic","PPP","In 2014 constant prices at 2014 USD PPPs","A","Annual","2011","2011","USD","US Dollar","0","units",,,7570,,
"CZE","Czech Republic","PPP","In 2014 constant prices at 2014 USD PPPs","A","Annual","2012","2012","USD","US Dollar","0","units",,,7329,,
"CZE","Czech Republic","PPP","In 2014 constant prices at 2014 USD PPPs","A","Annual","2013","2013","USD","US Dollar","0","units",,,7415,,
"CZE","Czech Republic","PPP","In 2014 constant prices at 2014 USD PPPs","A","Annual","2014","2014","USD","US Dollar","0","units",,,7651,,
"USA","United States","PPP","In 2014 constant prices at 2014 USD PPPs","H","Hourly","2010","2010","USD","US Dollar","0","units",,,7.9000001,,
"USA","United States","PPP","In 2014 constant prices at 2014 USD PPPs","H","Hourly","2011","2011","USD","US Dollar","0","units",,,7.5999999,,
"USA","United States","PPP","In 2014 constant prices at 2014 USD PPPs","H","Hourly","2012","2012","USD","US Dollar","0","units",,,7.5,,
"USA","United States","PPP","In 2014 constant prices at 2014 USD PPPs","H","Hourly","2013","2013","USD","US Dollar","0","units",,,7.4000001,,
"USA","United States","PPP","In 2014 constant prices at 2014 USD PPPs","H","Hourly","2014","2014","USD","US Dollar","0","units",,,7.3000002,,
"PRT","Portugal","EXR","In 2014 constant prices at 2014 USD exchange rates","A","Annual","2010","2010","USD","US Dollar","0","units",,,9398,,
"PRT","Portugal","EXR","In 2014 constant prices at 2014 USD exchange rates","A","Annual","2011","2011","USD","US Dollar","0","units",,,9258,,
"PRT","Portugal","EXR","In 2014 constant prices at 2014 USD exchange rates","A","Annual","2012","2012","USD","US Dollar","0","units",,,9008,,
"PRT","Portugal","EXR","In 2014 constant prices at 2014 USD exchange rates","A","Annual","2013","2013","USD","US Dollar","0","units",,,8983,,
"PRT","Portugal","EXR","In 2014 constant prices at 2014 USD exchange rates","A","Annual","2014","2014","USD","US Dollar","0","units",,,9101,,
